0,1,2,3,time,classifier
0.5700109,0.17262955,0.15287302,0.10448643,0.00778026064688708,c1_0
0.45814392,0.19091415,0.24003991,0.110902,0.014304588233375198,c1_0
0.35473925,0.20731942,0.3408125,0.09712879,0.020828915819863316,c1_0
0.24336569,0.22359025,0.40484974,0.12819432,0.027353243406351434,c1_0
0.24662024,0.2163293,0.41142485,0.12562558,0.03387757099283955,c1_0
0.26076353,0.23000135,0.3460593,0.16317584,0.04040189857932767,c1_0
0.31666967,0.251755,0.2500442,0.18153118,0.046926226165815786,c1_0
0.3467992,0.25886047,0.21054614,0.1837942,0.053450553752303905,c1_0
0.35428628,0.26944387,0.18323043,0.1930394,0.05997488133879202,c1_0
0.33297965,0.27930638,0.17810164,0.20961231,0.06649920892528013,c1_0
0.29632953,0.2781507,0.18895471,0.236565,0.07302353651176825,c1_0
0.2682982,0.25068542,0.2142222,0.2667942,0.07954786409825637,c1_0
0.25123435,0.25561473,0.21927463,0.27387634,0.08607219168474449,c1_0
0.27935055,0.2608224,0.20941824,0.25040883,0.09259651927123261,c1_0
0.29376313,0.26534447,0.20636098,0.23453143,0.09912084685772073,c1_0
0.2781403,0.25910714,0.2153392,0.24741334,0.10564517444420884,c1_0
0.301394,0.26352766,0.19752744,0.23755093,0.11216950203069696,c1_0
0.29941654,0.27047768,0.18373309,0.24637271,0.11869382961718508,c1_0
0.31409317,0.27504918,0.17394906,0.23690861,0.12521815720367319,c1_0
0.3282949,0.28229782,0.15927614,0.23013113,0.13011140289353929,c1_0
0.28500766,0.27007642,0.19756576,0.2473502,0.13826681237664942,c1_0
0.3021795,0.2760984,0.18897246,0.23274961,0.14479113996313756,c1_0
0.32850474,0.26443586,0.18439853,0.22266082,0.15131546754962566,c1_0
0.28994134,0.26764363,0.18906575,0.25334924,0.15620871323949176,c1_0
0.30506176,0.26128417,0.19772594,0.23592806,0.1643641227226019,c1_0
0.31479076,0.26663843,0.18857525,0.22999564,0.17088845030909003,c1_0
0.36423635,0.26816273,0.16873132,0.19886965,0.17741277789557813,c1_0
0.36244586,0.2784687,0.14897773,0.21010768,0.18230602358544423,c1_0
0.33783153,0.2725203,0.17920059,0.21044761,0.19046143306855437,c1_0
0.29893175,0.26840854,0.20291433,0.22974549,0.1969857606550425,c1_0
0.31534508,0.26790503,0.20229168,0.21445818,0.2035100882415306,c1_0
0.3404891,0.25984973,0.20014553,0.19951566,0.2100344158280187,c1_0
0.35695702,0.26352346,0.19308747,0.18643203,0.21655874341450684,c1_0
0.32873097,0.26923975,0.20545104,0.19657828,0.22308307100099495,c1_0
0.28257978,0.26147106,0.21693015,0.23901899,0.22960739858748308,c1_0
0.2677175,0.25291604,0.21836899,0.26099747,0.23613172617397118,c1_0
0.25915185,0.2545613,0.21610114,0.27018577,0.24265605376045932,c1_0
0.29669315,0.26600236,0.19450733,0.24279726,0.24918038134694742,c1_0
0.2731386,0.2934575,0.1820461,0.25135773,0.2540736270368135,c1_0
0.21741204,0.28802967,0.20181759,0.2927407,0.26059795462330165,c1_0
0.2580645,0.27130437,0.20673345,0.2638977,0.26875336410641176,c1_0
0.28914285,0.26880437,0.19443934,0.2476135,0.2752776916928999,c1_0
0.24670587,0.26665446,0.1995113,0.28712836,0.281802019279388,c1_0
0.12496247,0.33899888,0.16343355,0.37260506,0.2866952649692541,c1_0
0.08913985,0.2720676,0.22066873,0.41812375,0.29485067445236424,c1_0
0.096154734,0.25739056,0.23663141,0.40982324,0.30137500203885237,c1_0
0.08766944,0.27540305,0.23242222,0.40450525,0.30626824772871847,c1_0
0.07397855,0.27954754,0.23015787,0.41631603,0.3127925753152066,c1_0
0.08724035,0.26893845,0.24243812,0.40138304,0.3209479847983167,c1_0
0.04333122,0.22942226,0.26914123,0.45810536,0.32747231238480484,c1_0
0.042561207,0.20641032,0.2951863,0.45584217,0.333996639971293,c1_0
0.0128179975,0.20432888,0.3641053,0.41874784,0.34052096755778105,c1_0
0.0131935235,0.19625136,0.36336982,0.4271853,0.3470452951442692,c1_0
0.0029012198,0.13588466,0.3257303,0.53548384,0.3535696227307573,c1_0
0.0041985805,0.17185031,0.26702303,0.55692804,0.3584628684206234,c1_0
0.0013941168,0.11057018,0.25599325,0.6320424,0.3666182779037335,c1_0
0.0010683618,0.09700163,0.24151307,0.66041696,0.37314260549022166,c1_0
0.00075349864,0.084643066,0.21224746,0.70235604,0.3796669330767098,c1_0
0.00064192945,0.07547772,0.2002398,0.72364056,0.3861912606631979,c1_0
0.0007166993,0.07154623,0.19422257,0.73351455,0.392715588249686,c1_0
0.0009308498,0.07197488,0.21936807,0.70772624,0.39923991583617413,c1_0
0.0011150292,0.07321547,0.23611018,0.68955934,0.40576424342266226,c1_0
0.0010603896,0.08302389,0.20338292,0.71253276,0.41065748911252836,c1_0
0.000555886,0.057864856,0.1857333,0.755846,0.41881289859563847,c1_0
0.00073584815,0.05344846,0.18915054,0.7566651,0.4253372261821266,c1_0
0.0012098333,0.05387806,0.19928694,0.74562514,0.43186155376861474,c1_0
0.0006483761,0.0486329,0.1872041,0.76351464,0.4383858813551028,c1_0
0.00014937438,0.021172678,0.119876355,0.85880154,0.44491020894159095,c1_0
0.00011961196,0.013570599,0.10956503,0.8767447,0.4514345365280791,c1_0
0.000122003614,0.012802188,0.10866019,0.8784156,0.4579588641145672,c1_0
9.7875556e-05,0.010477617,0.09894381,0.8904807,0.4644831917010553,c1_0
6.660935e-05,0.008194802,0.08757059,0.90416795,0.4710075192875434,c1_0
7.431251e-05,0.0087890625,0.096163236,0.8949733,0.47753184687403155,c1_0
7.319024e-05,0.005585912,0.100614116,0.89372677,0.4840561744605197,c1_0
4.1266365e-05,0.0037788039,0.08350142,0.91267854,0.49058050204700776,c1_0
5.8568407e-05,0.0039277677,0.090975165,0.9050385,0.4971048296334959,c1_0
6.242635e-05,0.005033997,0.10626597,0.88863766,0.5019980753233619,c1_0
5.806022e-05,0.00463459,0.090713225,0.9045941,0.5085224029098501,c1_0
7.9849146e-05,0.0043890136,0.10526326,0.8902679,0.5150467304963382,c1_0
3.502728e-05,0.0034552063,0.072908364,0.9236014,0.5215710580828263,c1_0
1.9086663e-05,0.0016120217,0.058553323,0.9398156,0.5297264675659364,c1_0
2.553897e-05,0.0014964427,0.060757756,0.93772036,0.5362507951524246,c1_0
2.3001094e-05,0.0014517653,0.056906573,0.9416187,0.5427751227389127,c1_0
2.0893256e-05,0.0013242823,0.054594304,0.9440605,0.5492994503254008,c1_0
1.766891e-05,0.0012251142,0.051970243,0.94678706,0.555823777911889,c1_0
3.3220138e-05,0.0018866394,0.06403367,0.9340465,0.560717023601755,c1_0
1.9183877e-05,0.0015229057,0.053924054,0.9445338,0.5672413511882431,c1_0
1.3370016e-05,0.00093640806,0.04396593,0.9550843,0.5753967606713533,c1_0
1.4828488e-05,0.00090008194,0.042596087,0.95648897,0.5819210882578414,c1_0
1.211357e-05,0.0007934998,0.040902335,0.95829207,0.5884454158443295,c1_0
1.3926647e-05,0.0007137696,0.048445944,0.9508264,0.5949697434308177,c1_0
,,,,0.6014940710173058,c1_0
0.31041276,0.19359164,0.3025475,0.19344805,0.00778026064688708,c1_1
0.3190121,0.20730402,0.2991566,0.1745273,0.014304588233375198,c1_1
0.29206744,0.20445104,0.32290474,0.18057674,0.020828915819863316,c1_1
0.27822605,0.22243123,0.28669736,0.21264538,0.027353243406351434,c1_1
0.28224114,0.20329629,0.29102108,0.22344147,0.03387757099283955,c1_1
0.2603261,0.2083933,0.26548794,0.26579264,0.04040189857932767,c1_1
0.26912272,0.24016458,0.22010744,0.27060524,0.046926226165815786,c1_1
0.28073645,0.24643457,0.21072163,0.26210743,0.053450553752303905,c1_1
0.29811722,0.25114292,0.19644074,0.25429913,0.05997488133879202,c1_1
0.25819325,0.26397508,0.21567488,0.26215675,0.06649920892528013,c1_1
0.26035073,0.2637441,0.20857649,0.26732865,0.07302353651176825,c1_1
0.2740165,0.25021324,0.21101896,0.2647513,0.07954786409825637,c1_1
0.2592927,0.25104463,0.21141036,0.27825233,0.08607219168474449,c1_1
0.2908677,0.25386152,0.1958471,0.25942373,0.09259651927123261,c1_1
0.29926157,0.25791526,0.18973167,0.25309145,0.09912084685772073,c1_1
0.2877864,0.2594076,0.19610637,0.25669962,0.10564517444420884,c1_1
0.2935153,0.26185647,0.18607382,0.25855443,0.11216950203069696,c1_1
0.30248234,0.2639753,0.17628542,0.25725695,0.11869382961718508,c1_1
0.31814966,0.26736262,0.16779858,0.24668913,0.12521815720367319,c1_1
0.35722646,0.28793657,0.1325332,0.22230378,0.13011140289353929,c1_1
0.30419916,0.2653334,0.18788955,0.24257794,0.13826681237664942,c1_1
0.29411092,0.28887403,0.17597629,0.24103877,0.14479113996313756,c1_1
0.3379421,0.26980168,0.17339528,0.21886095,0.15131546754962566,c1_1
0.32590404,0.2672462,0.17713645,0.22971329,0.15620871323949176,c1_1
0.33242765,0.2609382,0.18936864,0.21726547,0.1643641227226019,c1_1
0.33423445,0.26643544,0.18444629,0.21488385,0.17088845030909003,c1_1
0.38283947,0.27095208,0.15671733,0.1894911,0.17741277789557813,c1_1
0.3829377,0.28601938,0.14208561,0.18895729,0.18230602358544423,c1_1
0.33128113,0.27219418,0.18788971,0.20863497,0.19046143306855437,c1_1
0.30350134,0.26977894,0.20148188,0.22523782,0.1969857606550425,c1_1
0.34081954,0.27621183,0.18267182,0.20029676,0.2035100882415306,c1_1
0.34488428,0.27634856,0.1874539,0.19131328,0.2100344158280187,c1_1
0.3882267,0.27619284,0.16998367,0.16559683,0.21655874341450684,c1_1
0.3543226,0.28168333,0.18527375,0.17872036,0.22308307100099495,c1_1
0.30972293,0.2780901,0.1994832,0.21270381,0.22960739858748308,c1_1
0.30866188,0.277664,0.19714981,0.21652432,0.23613172617397118,c1_1
0.29289168,0.28204423,0.19454396,0.23052014,0.24265605376045932,c1_1
0.33551872,0.2820019,0.17387289,0.20860647,0.24918038134694742,c1_1
0.3380516,0.2821931,0.16958478,0.21017061,0.2540736270368135,c1_1
0.283085,0.2812407,0.1959008,0.2397735,0.26059795462330165,c1_1
0.2646888,0.28568846,0.19257857,0.25704417,0.26875336410641176,c1_1
0.27947155,0.2836211,0.18533117,0.25157616,0.2752776916928999,c1_1
0.23631215,0.28364974,0.19040303,0.28963512,0.281802019279388,c1_1
0.23515227,0.2935822,0.17059892,0.30066657,0.2866952649692541,c1_1
0.11067081,0.29512268,0.20147493,0.39273158,0.29485067445236424,c1_1
0.088839285,0.2752263,0.2208794,0.41505507,0.30137500203885237,c1_1
0.15689117,0.2691769,0.21561587,0.35831606,0.30626824772871847,c1_1
0.14841904,0.27645046,0.20688395,0.36824653,0.3127925753152066,c1_1
0.08298276,0.30111277,0.20854805,0.40735644,0.3209479847983167,c1_1
0.064946294,0.26395977,0.21397902,0.45711496,0.32747231238480484,c1_1
0.05887211,0.24986157,0.21959049,0.47167587,0.333996639971293,c1_1
0.0151025085,0.24247804,0.28164282,0.4607767,0.34052096755778105,c1_1
0.01506577,0.29460827,0.23562418,0.4547017,0.3470452951442692,c1_1
0.01527777,0.18560897,0.24473803,0.5543753,0.3535696227307573,c1_1
0.015216179,0.19292833,0.22718008,0.56467545,0.3584628684206234,c1_1
0.008391553,0.17443681,0.19570997,0.62146163,0.3666182779037335,c1_1
0.0057479716,0.13824326,0.19488642,0.6611223,0.37314260549022166,c1_1
0.0023570703,0.11974663,0.17607018,0.7018261,0.3796669330767098,c1_1
0.003246323,0.10701043,0.16308385,0.72665936,0.3861912606631979,c1_1
0.0018020071,0.097427465,0.18649955,0.71427095,0.392715588249686,c1_1
0.0012976484,0.0991164,0.19251034,0.70707554,0.39923991583617413,c1_1
0.00080823014,0.0881142,0.19228831,0.71878934,0.40576424342266226,c1_1
0.00075220317,0.097382754,0.17253283,0.7293322,0.41065748911252836,c1_1
0.00070706906,0.07461903,0.17443183,0.75024205,0.41881289859563847,c1_1
0.0007643353,0.07560659,0.16943194,0.7541971,0.4253372261821266,c1_1
0.0008326301,0.07791658,0.18279476,0.738456,0.43186155376861474,c1_1
0.0006297666,0.061376736,0.18513864,0.7528549,0.4383858813551028,c1_1
0.00061422744,0.046494678,0.10651767,0.8463734,0.44491020894159095,c1_1
0.0004290409,0.027470311,0.089474574,0.882626,0.4514345365280791,c1_1
0.00027683587,0.02509057,0.09382357,0.88080895,0.4579588641145672,c1_1
0.0002797539,0.0238378,0.08939213,0.88649035,0.4644831917010553,c1_1
0.000372907,0.014503009,0.06238028,0.92274386,0.4710075192875434,c1_1
0.00032299384,0.016346551,0.06787571,0.9154548,0.47753184687403155,c1_1
0.00015063977,0.010047345,0.082927965,0.906874,0.4840561744605197,c1_1
0.00027212242,0.0077934717,0.056915715,0.93501866,0.49058050204700776,c1_1
0.000118579184,0.0043234895,0.08065476,0.91490316,0.4971048296334959,c1_1
7.951243e-05,0.0030240552,0.11302338,0.8838731,0.5019980753233619,c1_1
0.00016357246,0.0030802593,0.08707334,0.9096828,0.5085224029098501,c1_1
9.80227e-05,0.00211955,0.09024563,0.90753675,0.5150467304963382,c1_1
8.314264e-05,0.0018567065,0.05183806,0.94622207,0.5215710580828263,c1_1
0.00014043311,0.002510294,0.04394319,0.95340604,0.5297264675659364,c1_1
0.000120451296,0.0024759977,0.04422988,0.9531736,0.5362507951524246,c1_1
9.8949844e-05,0.0020093182,0.047064148,0.9508276,0.5427751227389127,c1_1
0.00010857292,0.0019409569,0.04810413,0.94984627,0.5492994503254008,c1_1
0.00010479656,0.0018824771,0.044314876,0.95369786,0.555823777911889,c1_1
0.000106072024,0.0015778729,0.034618735,0.96369725,0.560717023601755,c1_1
8.563896e-05,0.0014171286,0.029124063,0.9693732,0.5672413511882431,c1_1
9.282581e-05,0.0015296312,0.03785067,0.9605269,0.5753967606713533,c1_1
0.00013207189,0.0014528137,0.032307558,0.9661076,0.5819210882578414,c1_1
9.499752e-05,0.0013515198,0.030986423,0.967567,0.5884454158443295,c1_1
8.770125e-05,0.0012442919,0.028538315,0.9701296,0.5949697434308177,c1_1
,,,,0.6014940710173058,c1_1
0.97005993,0.028888451,0.00070783286,0.00034380378,0.00778026064688708,c1_2
0.96951854,0.028012322,0.0015195506,0.0009496032,0.014304588233375198,c1_2
0.9392375,0.052254952,0.0054765902,0.0030310326,0.020828915819863316,c1_2
0.78795683,0.15929894,0.03380795,0.01893632,0.027353243406351434,c1_2
0.7237548,0.20531975,0.04295488,0.027970532,0.03387757099283955,c1_2
0.44228867,0.3004604,0.132141,0.12510985,0.04040189857932767,c1_2
0.36699858,0.28772545,0.17693534,0.16834055,0.046926226165815786,c1_2
0.37453163,0.2852438,0.16876376,0.17146078,0.053450553752303905,c1_2
0.40383503,0.28410083,0.1493033,0.16276085,0.05997488133879202,c1_2
0.34634364,0.26243144,0.1894414,0.20178348,0.06649920892528013,c1_2
0.3690356,0.27486098,0.16246116,0.19364221,0.07302353651176825,c1_2
0.2896728,0.2533118,0.21184549,0.2451699,0.07954786409825637,c1_2
0.27734652,0.23576182,0.20743167,0.27946,0.08607219168474449,c1_2
0.29525903,0.2517421,0.19974582,0.25325304,0.09259651927123261,c1_2
0.30037373,0.25679538,0.19837049,0.24446039,0.09912084685772073,c1_2
0.33779454,0.2609012,0.17789692,0.22340733,0.10564517444420884,c1_2
0.3800693,0.25299263,0.15140796,0.21553016,0.11216950203069696,c1_2
0.38448235,0.2563422,0.13950866,0.21966675,0.11869382961718508,c1_2
0.37905332,0.2722341,0.13617261,0.2125399,0.12521815720367319,c1_2
0.38473126,0.28026444,0.13542388,0.19958039,0.13011140289353929,c1_2
0.358714,0.25723398,0.16336036,0.2206917,0.13826681237664942,c1_2
0.36803702,0.26869148,0.15754938,0.20572211,0.14479113996313756,c1_2
0.37447134,0.2609645,0.16549563,0.19906849,0.15131546754962566,c1_2
0.3962123,0.26859698,0.14143376,0.19375694,0.15620871323949176,c1_2
0.37356192,0.25113553,0.17538902,0.19991358,0.1643641227226019,c1_2
0.34574294,0.25891212,0.18774343,0.20760153,0.17088845030909003,c1_2
0.39484352,0.27057114,0.158606,0.17597929,0.17741277789557813,c1_2
0.4058412,0.26999146,0.13359366,0.19057369,0.18230602358544423,c1_2
0.37051213,0.2588121,0.17327286,0.19740295,0.19046143306855437,c1_2
0.3125419,0.2669261,0.2066679,0.21386412,0.1969857606550425,c1_2
0.3369456,0.26924813,0.19613118,0.19767517,0.2035100882415306,c1_2
0.35751182,0.26686126,0.18826738,0.18735954,0.2100344158280187,c1_2
0.38295472,0.27101794,0.17375891,0.17226836,0.21655874341450684,c1_2
0.36046627,0.27757722,0.18551263,0.17644387,0.22308307100099495,c1_2
0.315173,0.2733577,0.19737965,0.21408969,0.22960739858748308,c1_2
0.30587327,0.2668424,0.20902704,0.21825722,0.23613172617397118,c1_2
0.3136697,0.2659922,0.19769877,0.22263932,0.24265605376045932,c1_2
0.349017,0.2800726,0.17629221,0.19461821,0.24918038134694742,c1_2
0.368402,0.29674527,0.15484428,0.18000837,0.2540736270368135,c1_2
0.33591878,0.30507475,0.1684346,0.19057196,0.26059795462330165,c1_2
0.31090683,0.29545626,0.18394636,0.20969057,0.26875336410641176,c1_2
0.3331731,0.29613414,0.16585365,0.20483914,0.2752776916928999,c1_2
0.29184857,0.29342568,0.17582051,0.23890533,0.281802019279388,c1_2
0.25503355,0.3145734,0.16003345,0.27035955,0.2866952649692541,c1_2
0.19922811,0.29385498,0.18062016,0.3262968,0.29485067445236424,c1_2
0.15980366,0.29422507,0.19346833,0.35250285,0.30137500203885237,c1_2
0.18386826,0.28888035,0.21384986,0.3134015,0.30626824772871847,c1_2
0.18569453,0.2904048,0.22160843,0.3022922,0.3127925753152066,c1_2
0.10682634,0.43225202,0.18203259,0.27888906,0.3209479847983167,c1_2
0.09236128,0.30630988,0.21369705,0.3876318,0.32747231238480484,c1_2
0.064142026,0.27165398,0.22940712,0.4347968,0.333996639971293,c1_2
0.01727568,0.23974472,0.2574701,0.48550957,0.34052096755778105,c1_2
0.016119104,0.23080344,0.2830036,0.4700738,0.3470452951442692,c1_2
0.006358667,0.18021055,0.29515564,0.5182752,0.3535696227307573,c1_2
0.010491372,0.18777794,0.2831747,0.518556,0.3584628684206234,c1_2
0.0021905063,0.16144769,0.22124065,0.61512125,0.3666182779037335,c1_2
0.0012931521,0.14410882,0.22223385,0.6323642,0.37314260549022166,c1_2
0.00052819826,0.12066504,0.18119565,0.69761115,0.3796669330767098,c1_2
0.0004564455,0.116488636,0.20095214,0.6821028,0.3861912606631979,c1_2
0.0005045667,0.10538573,0.19039589,0.70371383,0.392715588249686,c1_2
0.0004113217,0.09781713,0.17285536,0.7289162,0.39923991583617413,c1_2
0.0003477634,0.09426264,0.1741147,0.7312749,0.40576424342266226,c1_2
0.00028898867,0.06262367,0.1670966,0.76999074,0.41065748911252836,c1_2
0.0003412207,0.083389506,0.14046803,0.77580124,0.41881289859563847,c1_2
0.00033895092,0.07968316,0.14519955,0.77477837,0.4253372261821266,c1_2
0.0003912633,0.07768006,0.13912287,0.7828058,0.43186155376861474,c1_2
0.00040439097,0.058862254,0.12384063,0.8168927,0.4383858813551028,c1_2
0.00019520878,0.044305436,0.096639276,0.85886014,0.44491020894159095,c1_2
0.00014808195,0.028910182,0.0798351,0.89110667,0.4514345365280791,c1_2
9.141958e-05,0.021831946,0.07090773,0.90716887,0.4579588641145672,c1_2
8.061796e-05,0.014247849,0.06319075,0.9224808,0.4644831917010553,c1_2
5.417959e-05,0.0109753655,0.055290055,0.9336804,0.4710075192875434,c1_2
4.4359276e-05,0.012553637,0.045906514,0.9414955,0.47753184687403155,c1_2
2.6098262e-05,0.008985586,0.052054033,0.93893427,0.4840561744605197,c1_2
2.8787377e-05,0.0049278624,0.041989386,0.9530539,0.49058050204700776,c1_2
5.497284e-05,0.005198825,0.08194008,0.91280615,0.4971048296334959,c1_2
2.2610728e-05,0.0031195916,0.062406175,0.9344515,0.5019980753233619,c1_2
1.9539797e-05,0.0030914696,0.05098491,0.945904,0.5085224029098501,c1_2
1.39061885e-05,0.0026076878,0.05187201,0.94550633,0.5150467304963382,c1_2
1.2757272e-05,0.0017608268,0.039687514,0.958539,0.5215710580828263,c1_2
1.1423413e-05,0.0015169717,0.04227453,0.9561971,0.5297264675659364,c1_2
1.7371172e-05,0.0015057345,0.048534397,0.9499425,0.5362507951524246,c1_2
8.360026e-06,0.0009710025,0.042552818,0.9564679,0.5427751227389127,c1_2
8.792602e-06,0.00092439743,0.038551565,0.96051526,0.5492994503254008,c1_2
8.804331e-06,0.0008960266,0.03594017,0.963155,0.555823777911889,c1_2
6.118996e-06,0.0008031573,0.027488533,0.9717022,0.560717023601755,c1_2
8.299376e-06,0.0008366615,0.028896151,0.9702589,0.5672413511882431,c1_2
1.7012177e-05,0.0008559801,0.03829955,0.96082747,0.5753967606713533,c1_2
9.628522e-06,0.0006841244,0.0333595,0.96594673,0.5819210882578414,c1_2
9.112396e-06,0.00069058914,0.02880175,0.97049856,0.5884454158443295,c1_2
5.072079e-06,0.00056605216,0.027286723,0.97214216,0.5949697434308177,c1_2
,,,,0.6014940710173058,c1_2
0.9465425,0.02559419,0.026193507,0.0016698403,0.00778026064688708,c1_3
0.8416642,0.055019338,0.096107915,0.0072085266,0.014304588233375198,c1_3
0.7913166,0.06529343,0.13221562,0.01117438,0.020828915819863316,c1_3
0.7541509,0.096464865,0.13013387,0.019250317,0.027353243406351434,c1_3
0.6380831,0.11512042,0.21471883,0.03207768,0.03387757099283955,c1_3
0.48927227,0.18205616,0.24818115,0.08049048,0.04040189857932767,c1_3
0.43274635,0.22194505,0.22122572,0.124082856,0.046926226165815786,c1_3
0.39376053,0.24468583,0.20300673,0.1585469,0.053450553752303905,c1_3
0.35657066,0.26372173,0.1918101,0.18789749,0.05997488133879202,c1_3
0.33965605,0.2718298,0.18071581,0.20779824,0.06649920892528013,c1_3
0.3189252,0.2729103,0.18678714,0.22137737,0.07302353651176825,c1_3
0.29748642,0.2471487,0.216662,0.23870288,0.07954786409825637,c1_3
0.31383243,0.25304812,0.20178354,0.23133586,0.08607219168474449,c1_3
0.3334252,0.25989467,0.1923911,0.21428902,0.09259651927123261,c1_3
0.33392218,0.2575165,0.19374767,0.21481365,0.09912084685772073,c1_3
0.29794693,0.25622466,0.19656613,0.24926223,0.10564517444420884,c1_3
0.3190557,0.26591706,0.17473532,0.24029191,0.11216950203069696,c1_3
0.3402594,0.26987076,0.16781911,0.22205082,0.11869382961718508,c1_3
0.357755,0.27782732,0.15409626,0.21032147,0.12521815720367319,c1_3
0.36818865,0.28668946,0.1390542,0.20606767,0.13011140289353929,c1_3
0.3376065,0.26982987,0.17090772,0.2216559,0.13826681237664942,c1_3
0.34660542,0.2683725,0.16873237,0.21628976,0.14479113996313756,c1_3
0.348789,0.2700725,0.16892578,0.21221268,0.15131546754962566,c1_3
0.3576234,0.27129287,0.16356654,0.20751725,0.15620871323949176,c1_3
0.3499698,0.26430503,0.16183935,0.22388586,0.1643641227226019,c1_3
0.35677,0.2689926,0.15747508,0.2167624,0.17088845030909003,c1_3
0.40296268,0.28052384,0.13261843,0.18389502,0.17741277789557813,c1_3
0.40535298,0.2786646,0.13152714,0.18445522,0.18230602358544423,c1_3
0.3594995,0.27638644,0.15212372,0.21199025,0.19046143306855437,c1_3
0.33100605,0.27791676,0.1638056,0.2272716,0.1969857606550425,c1_3
0.34382147,0.27303833,0.16823491,0.21490528,0.2035100882415306,c1_3
0.35452616,0.2724362,0.17098205,0.20205559,0.2100344158280187,c1_3
0.3746418,0.27346364,0.16473252,0.18716207,0.21655874341450684,c1_3
0.35437074,0.27992883,0.16931176,0.19638869,0.22308307100099495,c1_3
0.2936082,0.27190426,0.19682619,0.2376614,0.22960739858748308,c1_3
0.29404798,0.2717238,0.19008622,0.24414197,0.23613172617397118,c1_3
0.2948137,0.274777,0.18347469,0.2469345,0.24265605376045932,c1_3
0.3401071,0.28515106,0.15888196,0.21585986,0.24918038134694742,c1_3
0.36166626,0.31193343,0.13738413,0.18901618,0.2540736270368135,c1_3
0.30542365,0.2993632,0.17152186,0.2236913,0.26059795462330165,c1_3
0.28527668,0.28158075,0.17696671,0.2561759,0.26875336410641176,c1_3
0.2968632,0.28373665,0.15980908,0.25959116,0.2752776916928999,c1_3
0.20612524,0.29307517,0.17091416,0.3298854,0.281802019279388,c1_3
0.18060902,0.30444685,0.18330897,0.33163518,0.2866952649692541,c1_3
0.09462355,0.27383974,0.16343473,0.46810195,0.29485067445236424,c1_3
0.09890292,0.28062817,0.15938671,0.46108228,0.30137500203885237,c1_3
0.14552368,0.29975152,0.20287839,0.35184634,0.30626824772871847,c1_3
0.15739526,0.30470553,0.19668686,0.34121236,0.3127925753152066,c1_3
0.099690646,0.30433384,0.1568003,0.43917528,0.3209479847983167,c1_3
0.06847095,0.27662864,0.17918189,0.47571856,0.32747231238480484,c1_3
0.070620716,0.2762749,0.16626215,0.48684227,0.333996639971293,c1_3
0.014928052,0.21750739,0.19356628,0.5739983,0.34052096755778105,c1_3
0.020227203,0.20468661,0.2138182,0.56126803,0.3470452951442692,c1_3
0.009330005,0.16142133,0.20090947,0.62833923,0.3535696227307573,c1_3
0.015615222,0.19980747,0.26110384,0.5234734,0.3584628684206234,c1_3
0.0028898083,0.14150451,0.1651419,0.6904638,0.3666182779037335,c1_3
0.0018202554,0.11230177,0.17483951,0.7110384,0.37314260549022166,c1_3
0.0005090853,0.06138636,0.10552724,0.83257735,0.3796669330767098,c1_3
0.00073640706,0.06151841,0.12503114,0.812714,0.3861912606631979,c1_3
0.0006583229,0.05398154,0.13472243,0.8106377,0.392715588249686,c1_3
0.000505285,0.059735525,0.14084163,0.79891753,0.39923991583617413,c1_3
0.000268443,0.05240613,0.13043618,0.8168893,0.40576424342266226,c1_3
0.00076429255,0.082021125,0.19995902,0.71725553,0.41065748911252836,c1_3
0.00013653445,0.03907462,0.08653406,0.87425476,0.41881289859563847,c1_3
0.0001525695,0.041277796,0.090139754,0.8684299,0.4253372261821266,c1_3
0.00028931777,0.04178873,0.0985206,0.85940135,0.43186155376861474,c1_3
0.0001505279,0.028581025,0.08959766,0.8816708,0.4383858813551028,c1_3
3.423636e-05,0.011415642,0.03447416,0.954076,0.44491020894159095,c1_3
1.8954352e-05,0.0057497937,0.026118621,0.96811265,0.4514345365280791,c1_3
1.8270264e-05,0.004550414,0.025363503,0.9700679,0.4579588641145672,c1_3
1.9382007e-05,0.0042516794,0.028565414,0.96716344,0.4644831917010553,c1_3
1.343893e-05,0.0031378453,0.02262258,0.97422624,0.4710075192875434,c1_3
1.4271268e-05,0.0036375234,0.02370517,0.9726431,0.47753184687403155,c1_3
1.1278894e-05,0.0025902435,0.03133899,0.96605945,0.4840561744605197,c1_3
1.0185042e-05,0.002066134,0.02292557,0.9749981,0.49058050204700776,c1_3
8.359896e-06,0.001548795,0.03496705,0.9634758,0.4971048296334959,c1_3
8.828684e-06,0.0019782635,0.033704907,0.964308,0.5019980753233619,c1_3
1.0334248e-05,0.0016553637,0.030658087,0.9676762,0.5085224029098501,c1_3
8.624849e-06,0.0013046784,0.035475343,0.9632113,0.5150467304963382,c1_3
7.1902873e-06,0.0011297174,0.02870817,0.970155,0.5215710580828263,c1_3
5.393548e-06,0.0010305775,0.025919756,0.9730443,0.5297264675659364,c1_3
7.3086458e-06,0.0011877572,0.029917605,0.9688873,0.5362507951524246,c1_3
7.024649e-06,0.0010992378,0.031821173,0.96707255,0.5427751227389127,c1_3
6.1200176e-06,0.0008779878,0.030986935,0.968129,0.5492994503254008,c1_3
9.942428e-06,0.0010350131,0.02731339,0.97164166,0.555823777911889,c1_3
7.1034037e-06,0.00080863206,0.02677616,0.9724081,0.560717023601755,c1_3
7.1962127e-06,0.0009115103,0.016095757,0.98298556,0.5672413511882431,c1_3
8.853102e-06,0.001161022,0.029042026,0.96978813,0.5753967606713533,c1_3
4.3939563e-06,0.0007198426,0.019859785,0.979416,0.5819210882578414,c1_3
3.3083027e-06,0.0006744679,0.019981116,0.979341,0.5884454158443295,c1_3
4.07348e-06,0.0007335761,0.02795302,0.9713093,0.5949697434308177,c1_3
,,,,0.6014940710173058,c1_3
0.4364906,0.25219682,0.15101607,0.16029654,0.00778026064688708,c1_4
0.38080123,0.24851656,0.19416896,0.17651331,0.014304588233375198,c1_4
0.36029205,0.24382822,0.2138464,0.18203326,0.020828915819863316,c1_4
0.35306698,0.23626404,0.2260176,0.1846514,0.027353243406351434,c1_4
0.2910048,0.24618714,0.25655603,0.20625204,0.03387757099283955,c1_4
0.27147517,0.2439522,0.2510611,0.23351148,0.04040189857932767,c1_4
0.30568,0.24297452,0.21664955,0.23469596,0.046926226165815786,c1_4
0.3005186,0.2520424,0.20772637,0.2397126,0.053450553752303905,c1_4
0.3161655,0.25368857,0.19671637,0.23342957,0.05997488133879202,c1_4
0.2957685,0.27184448,0.19465722,0.23772977,0.06649920892528013,c1_4
0.31264466,0.27322453,0.17804539,0.23608546,0.07302353651176825,c1_4
0.28865373,0.25927538,0.20412438,0.24794655,0.07954786409825637,c1_4
0.26508734,0.25596645,0.20719787,0.27174836,0.08607219168474449,c1_4
0.31224597,0.2594743,0.18760891,0.24067082,0.09259651927123261,c1_4
0.32353887,0.25483158,0.19416451,0.227465,0.09912084685772073,c1_4
0.3188756,0.25577012,0.18439957,0.2409547,0.10564517444420884,c1_4
0.32790816,0.25631097,0.18085046,0.23493046,0.11216950203069696,c1_4
0.343414,0.2552767,0.17587568,0.22543354,0.11869382961718508,c1_4
0.34317258,0.26303437,0.1706026,0.22319046,0.12521815720367319,c1_4
0.3736227,0.27970523,0.14323762,0.2034344,0.13011140289353929,c1_4
0.31356716,0.26543483,0.18384166,0.23715633,0.13826681237664942,c1_4
0.31531972,0.2835053,0.17257543,0.22859961,0.14479113996313756,c1_4
0.32864854,0.27107725,0.1736106,0.22666366,0.15131546754962566,c1_4
0.34205446,0.2651284,0.1721652,0.22065185,0.15620871323949176,c1_4
0.29950517,0.2556245,0.20365375,0.24121661,0.1643641227226019,c1_4
0.3288489,0.25566772,0.18830982,0.22717349,0.17088845030909003,c1_4
0.36010832,0.2556116,0.17718588,0.20709422,0.17741277789557813,c1_4
0.40195316,0.27180952,0.14019158,0.18604577,0.18230602358544423,c1_4
0.3233018,0.259844,0.19076493,0.22608931,0.19046143306855437,c1_4
0.2911675,0.26036295,0.2094525,0.23901708,0.1969857606550425,c1_4
0.30053145,0.26378495,0.20409618,0.23158744,0.2035100882415306,c1_4
0.3060713,0.27963427,0.20192939,0.212365,0.2100344158280187,c1_4
0.34278017,0.28048438,0.18785055,0.18888487,0.21655874341450684,c1_4
0.3421198,0.29397002,0.17458753,0.1893227,0.22308307100099495,c1_4
0.32185575,0.28727144,0.18303913,0.20783365,0.22960739858748308,c1_4
0.3185953,0.2772531,0.18998143,0.21417014,0.23613172617397118,c1_4
0.29510608,0.28065604,0.19440953,0.22982834,0.24265605376045932,c1_4
0.3444361,0.2753573,0.17499502,0.20521152,0.24918038134694742,c1_4
0.31444144,0.29556897,0.15938409,0.23060547,0.2540736270368135,c1_4
0.22601162,0.29519087,0.18753067,0.29126683,0.26059795462330165,c1_4
0.23825078,0.3460845,0.16785692,0.2478078,0.26875336410641176,c1_4
0.26621208,0.3066619,0.17971382,0.24741223,0.2752776916928999,c1_4
0.21784243,0.2931588,0.17997564,0.3090231,0.281802019279388,c1_4
0.106430694,0.29487506,0.19848569,0.40020853,0.2866952649692541,c1_4
0.084411845,0.24708152,0.20189475,0.46661195,0.29485067445236424,c1_4
0.084091544,0.24367854,0.1766961,0.4955339,0.30137500203885237,c1_4
0.0526019,0.2257814,0.20236303,0.5192536,0.30626824772871847,c1_4
0.058885295,0.21133928,0.2320424,0.497733,0.3127925753152066,c1_4
0.097182184,0.23546962,0.20676772,0.46058047,0.3209479847983167,c1_4
0.07425089,0.2153927,0.22346298,0.48689348,0.32747231238480484,c1_4
0.05138425,0.20009576,0.22630157,0.5222184,0.333996639971293,c1_4
0.008810069,0.23240647,0.27134752,0.487436,0.34052096755778105,c1_4
0.0047219754,0.27577737,0.25456265,0.464938,0.3470452951442692,c1_4
0.004668011,0.16598077,0.25362754,0.57572365,0.3535696227307573,c1_4
0.0007538561,0.093299344,0.1890192,0.7169276,0.3584628684206234,c1_4
0.002313739,0.13428082,0.2265225,0.63688296,0.3666182779037335,c1_4
0.0008962446,0.09362514,0.20806748,0.6974112,0.37314260549022166,c1_4
0.0004891077,0.06283722,0.15620546,0.7804683,0.3796669330767098,c1_4
0.00054723636,0.06540274,0.1649992,0.76905084,0.3861912606631979,c1_4
0.00029796202,0.053834144,0.14467183,0.80119604,0.392715588249686,c1_4
0.00031987214,0.057182338,0.12768324,0.8148145,0.39923991583617413,c1_4
0.00023190495,0.0531441,0.11985184,0.8267722,0.40576424342266226,c1_4
5.428911e-05,0.02033367,0.116431914,0.8631802,0.41065748911252836,c1_4
8.8841494e-05,0.03780519,0.09762968,0.86447626,0.41881289859563847,c1_4
9.49152e-05,0.04258262,0.10880682,0.8485156,0.4253372261821266,c1_4
0.000120689394,0.052022938,0.12902015,0.8188362,0.43186155376861474,c1_4
7.804981e-05,0.040969804,0.116184935,0.8427672,0.4383858813551028,c1_4
3.4228942e-05,0.014303175,0.04702227,0.93864036,0.44491020894159095,c1_4
2.5275547e-05,0.011772418,0.046913005,0.94128925,0.4514345365280791,c1_4
1.4020526e-05,0.009102317,0.043498028,0.9473857,0.4579588641145672,c1_4
1.2859681e-05,0.008991192,0.04561717,0.9453788,0.4644831917010553,c1_4
1.3224771e-05,0.0074063186,0.035677727,0.9569027,0.4710075192875434,c1_4
2.2405633e-05,0.011651742,0.03494555,0.9533803,0.47753184687403155,c1_4
1.4480316e-05,0.009169554,0.042477258,0.94833875,0.4840561744605197,c1_4
1.8844505e-05,0.0099398745,0.034431882,0.95560944,0.49058050204700776,c1_4
1.629866e-05,0.0057650977,0.04174877,0.9524699,0.4971048296334959,c1_4
1.5640822e-05,0.004361308,0.03635252,0.95927054,0.5019980753233619,c1_4
6.0996026e-06,0.0021855864,0.0260484,0.97176,0.5085224029098501,c1_4
3.5996472e-06,0.0018730687,0.028900282,0.969223,0.5150467304963382,c1_4
3.0060346e-06,0.0017670303,0.025337981,0.9728919,0.5215710580828263,c1_4
9.825355e-06,0.0036201782,0.033356007,0.963014,0.5297264675659364,c1_4
5.5970922e-06,0.0028199903,0.034191314,0.9629831,0.5362507951524246,c1_4
4.6236823e-06,0.0024389285,0.03614201,0.9614144,0.5427751227389127,c1_4
3.3455233e-06,0.00196819,0.0331484,0.9648801,0.5492994503254008,c1_4
3.433764e-06,0.0017507239,0.028555468,0.9696904,0.555823777911889,c1_4
3.2846347e-06,0.0012280077,0.021244181,0.9775245,0.560717023601755,c1_4
3.650089e-06,0.0010183122,0.0143974945,0.9845806,0.5672413511882431,c1_4
4.965072e-06,0.0012862693,0.019493928,0.9792148,0.5753967606713533,c1_4
3.0275419e-06,0.00096523244,0.016698658,0.9823331,0.5819210882578414,c1_4
3.869982e-06,0.00088694534,0.011820858,0.98728836,0.5884454158443295,c1_4
2.454171e-06,0.0008069773,0.014665795,0.9845248,0.5949697434308177,c1_4
,,,,0.6014940710173058,c1_4
0.79367274,0.117133036,0.015181842,0.07401246,0.00778026064688708,c2_0
0.9115024,0.044338554,0.0040652594,0.040093742,0.014304588233375198,c2_0
0.933974,0.029149367,0.0048268065,0.032049797,0.020828915819863316,c2_0
0.85894376,0.071652785,0.003665522,0.06573793,0.027353243406351434,c2_0
0.92765135,0.03484142,0.0040266984,0.033480573,0.03387757099283955,c2_0
0.9104516,0.06355584,0.0030252691,0.022967314,0.04040189857932767,c2_0
0.85049444,0.12057731,0.004395872,0.024532339,0.046926226165815786,c2_0
0.4409043,0.37960216,0.08230997,0.09718354,0.053450553752303905,c2_0
0.70022273,0.122117564,0.07358315,0.10407657,0.05997488133879202,c2_0
0.018224422,0.08712225,0.68252534,0.21212792,0.06649920892528013,c2_0
0.1403362,0.14249548,0.20547356,0.5116947,0.07302353651176825,c2_0
0.9548972,0.0380973,0.00083198416,0.0061735106,0.07954786409825637,c2_0
0.8827548,0.06322659,0.003938214,0.05008038,0.08607219168474449,c2_0
0.9884389,0.009391271,0.00014192841,0.0020279551,0.09259651927123261,c2_0
0.9923908,0.006869866,5.5187946e-05,0.0006842179,0.09912084685772073,c2_0
0.69864166,0.29191872,0.0005076002,0.008931928,0.10564517444420884,c2_0
0.87800735,0.100067414,0.00031369584,0.021611577,0.11216950203069696,c2_0
0.991657,0.006738391,5.7141966e-05,0.0015475568,0.11869382961718508,c2_0
0.99732214,0.002241482,2.1911665e-05,0.0004145081,0.12521815720367319,c2_0
0.9967237,0.0027097932,3.2527936e-05,0.00053400605,0.13011140289353929,c2_0
0.99535817,0.004231238,9.086985e-05,0.00031964778,0.13826681237664942,c2_0
0.9770095,0.014891664,0.0026083405,0.005490516,0.14479113996313756,c2_0
0.9980719,0.0017653377,1.8089962e-05,0.00014461493,0.15131546754962566,c2_0
0.9895862,0.009157977,0.00017711591,0.0010787225,0.15620871323949176,c2_0
0.9860665,0.012823506,3.0077255e-05,0.0010799592,0.1643641227226019,c2_0
0.9955627,0.0037570454,1.2431015e-05,0.0006678644,0.17088845030909003,c2_0
0.9992198,0.000660442,4.935825e-06,0.000114739,0.17741277789557813,c2_0
0.99298966,0.004984889,3.553847e-05,0.0019899255,0.18230602358544423,c2_0
0.9988071,0.0010148528,1.4790657e-05,0.0001633813,0.19046143306855437,c2_0
0.9983,0.0014801135,2.0045116e-05,0.00019982924,0.1969857606550425,c2_0
0.99903905,0.0008688178,5.5626506e-06,8.666666e-05,0.2035100882415306,c2_0
0.9978515,0.0020049568,7.645646e-06,0.00013597439,0.2100344158280187,c2_0
0.9994911,0.00047889721,2.3070354e-06,2.7704114e-05,0.21655874341450684,c2_0
0.9973341,0.0024944055,1.7787737e-05,0.0001536264,0.22308307100099495,c2_0
0.9982363,0.0016937832,6.746913e-06,6.309621e-05,0.22960739858748308,c2_0
0.99881566,0.0011253185,3.6234276e-06,5.546309e-05,0.23613172617397118,c2_0
0.9915148,0.00779182,3.5812947e-05,0.0006575671,0.24265605376045932,c2_0
0.99881613,0.001082503,4.2357983e-06,9.726749e-05,0.24918038134694742,c2_0
0.9846127,0.012819396,0.0001853871,0.002382541,0.2540736270368135,c2_0
0.992576,0.0057645654,0.0002664918,0.0013930559,0.26059795462330165,c2_0
0.9944174,0.004788566,7.95952e-05,0.00071439845,0.26875336410641176,c2_0
0.9975751,0.0023023507,5.821226e-06,0.00011680587,0.2752776916928999,c2_0
0.6641475,0.3330417,0.00018194264,0.0026288303,0.281802019279388,c2_0
0.09308749,0.875344,0.0005884843,0.030980049,0.2866952649692541,c2_0
0.5463305,0.41634777,0.0006683718,0.03665334,0.29485067445236424,c2_0
0.66401535,0.32336774,0.00044616775,0.012170812,0.30137500203885237,c2_0
0.9438548,0.052583657,0.00014204261,0.0034193888,0.30626824772871847,c2_0
0.96249217,0.03340705,0.00025622357,0.0038446572,0.3127925753152066,c2_0
0.08634629,0.67298174,0.00041401753,0.24025802,0.3209479847983167,c2_0
0.28660595,0.5557712,0.00047747124,0.15714535,0.32747231238480484,c2_0
0.6195716,0.33927488,0.0005849319,0.040568523,0.333996639971293,c2_0
0.015631255,0.9155839,0.02065224,0.04813263,0.34052096755778105,c2_0
0.02913038,0.69255054,0.10852162,0.16979738,0.3470452951442692,c2_0
0.0066640303,0.41796342,0.05067112,0.5247015,0.3535696227307573,c2_0
0.019097619,0.358909,0.031298764,0.5906946,0.3584628684206234,c2_0
0.0019265506,0.8959152,0.006561554,0.09559664,0.3666182779037335,c2_0
0.0075926287,0.9390182,0.004744151,0.04864509,0.37314260549022166,c2_0
0.00417281,0.81364685,0.038295664,0.14388464,0.3796669330767098,c2_0
0.014381173,0.64768475,0.031894993,0.30603912,0.3861912606631979,c2_0
0.011958921,0.6864406,0.01914686,0.2824537,0.392715588249686,c2_0
0.0022518039,0.619317,0.010321098,0.36811003,0.39923991583617413,c2_0
0.001146769,0.5888788,0.004680154,0.40529424,0.40576424342266226,c2_0
0.005064876,0.8212673,0.0030616312,0.17060624,0.41065748911252836,c2_0
0.00093091745,0.66821444,0.00460606,0.3262485,0.41881289859563847,c2_0
0.0036482592,0.8951668,0.002554753,0.09863021,0.4253372261821266,c2_0
0.0047380137,0.9371137,0.0031332804,0.05501494,0.43186155376861474,c2_0
0.0029152646,0.8071681,0.012005466,0.17791109,0.4383858813551028,c2_0
0.00027740837,0.15513304,0.0068291933,0.8377603,0.44491020894159095,c2_0
0.0007545541,0.25637072,0.0057780286,0.7370968,0.4514345365280791,c2_0
0.0011258257,0.523462,0.005436181,0.46997598,0.4579588641145672,c2_0
0.002627303,0.5759765,0.0070244153,0.41437188,0.4644831917010553,c2_0
0.00025011634,0.07088604,0.0049649044,0.92389894,0.4710075192875434,c2_0
8.9165835e-05,0.024955872,0.003252917,0.9717021,0.47753184687403155,c2_0
0.00012962094,0.017172838,0.0109319035,0.9717656,0.4840561744605197,c2_0
7.775178e-06,0.0031820475,0.0017476961,0.99506253,0.49058050204700776,c2_0
1.1380908e-05,0.0011846964,0.0025828208,0.9962212,0.4971048296334959,c2_0
7.0141623e-06,0.0010847131,0.018851098,0.98005724,0.5019980753233619,c2_0
2.3154157e-06,0.0003426894,0.015711272,0.9839438,0.5085224029098501,c2_0
2.769356e-06,0.00047214204,0.015144921,0.9843801,0.5150467304963382,c2_0
9.520113e-07,0.00025781224,0.0072698374,0.99247146,0.5215710580828263,c2_0
1.3714601e-06,0.0004923801,0.0025446154,0.99696153,0.5297264675659364,c2_0
9.357669e-07,0.00027609497,0.001920257,0.9978027,0.5362507951524246,c2_0
1.2981707e-06,0.0003784818,0.0016176015,0.9980026,0.5427751227389127,c2_0
3.2085889e-06,0.00091967423,0.001890457,0.9971866,0.5492994503254008,c2_0
1.3351842e-06,0.00040947754,0.0023432977,0.9972459,0.555823777911889,c2_0
3.1955294e-06,0.0005997778,0.0039555314,0.99544156,0.560717023601755,c2_0
1.7032521e-06,0.00033053692,0.0023408667,0.99732685,0.5672413511882431,c2_0
9.879456e-07,0.00015102694,0.0044214455,0.9954266,0.5753967606713533,c2_0
4.9554643e-07,0.000107501364,0.0022846032,0.99760735,0.5819210882578414,c2_0
4.7828524e-07,0.00011957708,0.0028110053,0.99706894,0.5884454158443295,c2_0
5.118472e-07,0.000115271665,0.0016618809,0.9982223,0.5949697434308177,c2_0
,,,,0.6014940710173058,c2_0
0.9601995,0.0021790687,0.009027985,0.028593428,0.00778026064688708,c2_1
0.9755397,0.0052454923,0.0066804425,0.012534423,0.014304588233375198,c2_1
0.9666353,0.0071545336,0.008972735,0.017237494,0.020828915819863316,c2_1
0.96165323,0.008485188,0.009435672,0.02042588,0.027353243406351434,c2_1
0.90653354,0.04183255,0.02582463,0.025809273,0.03387757099283955,c2_1
0.931739,0.038135953,0.017582199,0.012542869,0.04040189857932767,c2_1
0.81473505,0.14256217,0.022611778,0.020091012,0.046926226165815786,c2_1
0.06913486,0.25419763,0.4089102,0.2677573,0.053450553752303905,c2_1
0.15667786,0.098035626,0.3226509,0.42263559,0.05997488133879202,c2_1
0.004481563,0.0222702,0.69200534,0.2812429,0.06649920892528013,c2_1
0.028552266,0.0424911,0.32327724,0.6056794,0.07302353651176825,c2_1
0.8527381,0.105784066,0.0053092474,0.03616853,0.07954786409825637,c2_1
0.56570226,0.10130961,0.026345108,0.30664307,0.08607219168474449,c2_1
0.9449782,0.040113676,0.0013468178,0.013561325,0.09259651927123261,c2_1
0.9793971,0.018739546,0.00027518603,0.001588028,0.09912084685772073,c2_1
0.5471082,0.4090729,0.0030194824,0.040799476,0.10564517444420884,c2_1
0.8668198,0.07851518,0.0044109155,0.050254088,0.11216950203069696,c2_1
0.9915183,0.006791269,0.00014008649,0.0015503159,0.11869382961718508,c2_1
0.9945614,0.0047650635,7.130982e-05,0.00060227077,0.12521815720367319,c2_1
0.9912962,0.007627481,0.00018712119,0.0008891299,0.13011140289353929,c2_1
0.9878214,0.010427112,0.00050990045,0.0012415919,0.13826681237664942,c2_1
0.7676495,0.110254675,0.038096182,0.08399961,0.14479113996313756,c2_1
0.98979366,0.009693911,0.00016666194,0.00034580813,0.15131546754962566,c2_1
0.97934854,0.019836167,0.00030641715,0.0005087925,0.15620871323949176,c2_1
0.95494324,0.035967033,0.0020075922,0.0070822085,0.1643641227226019,c2_1
0.983677,0.008738031,0.0012588508,0.006326106,0.17088845030909003,c2_1
0.9976649,0.001422952,0.000109965025,0.00080217206,0.17741277789557813,c2_1
0.97558266,0.021855772,0.00018650857,0.0023751215,0.18230602358544423,c2_1
0.9955193,0.004234991,3.303804e-05,0.00021263745,0.19046143306855437,c2_1
0.99363685,0.006021438,6.518735e-05,0.0002765427,0.1969857606550425,c2_1
0.9979128,0.0020167036,1.7236194e-05,5.3202573e-05,0.2035100882415306,c2_1
0.9920259,0.0077689732,5.8141595e-05,0.00014695879,0.2100344158280187,c2_1
0.9971027,0.0028153593,2.734785e-05,5.456683e-05,0.21655874341450684,c2_1
0.98987305,0.009804805,0.00013986885,0.00018231188,0.22308307100099495,c2_1
0.99699914,0.0029223296,3.6849273e-05,4.1723808e-05,0.22960739858748308,c2_1
0.99821883,0.0016955556,4.021239e-05,4.53913e-05,0.23613172617397118,c2_1
0.9969202,0.0027821804,9.5113086e-05,0.000202478,0.24265605376045932,c2_1
0.99859184,0.0011890272,5.1470597e-05,0.00016767596,0.24918038134694742,c2_1
0.98473686,0.014828172,6.603648e-05,0.00036888753,0.2540736270368135,c2_1
0.9885169,0.011054817,0.00013979089,0.00028843837,0.26059795462330165,c2_1
0.9965939,0.0030475375,0.00019611121,0.00016243948,0.26875336410641176,c2_1
0.9973592,0.0025038228,5.523526e-05,8.173657e-05,0.2752776916928999,c2_1
0.962344,0.03668976,0.0001636679,0.00080260896,0.281802019279388,c2_1
0.03884518,0.93690753,0.0007391611,0.023508133,0.2866952649692541,c2_1
0.86690223,0.12659025,0.00042942673,0.0060780183,0.29485067445236424,c2_1
0.85823166,0.13886239,0.00041182703,0.0024940332,0.30137500203885237,c2_1
0.8839493,0.11452134,0.00018326283,0.0013461203,0.30626824772871847,c2_1
0.9026642,0.096096575,0.0001886155,0.0010507158,0.3127925753152066,c2_1
0.061227858,0.8886632,0.002420273,0.047688723,0.3209479847983167,c2_1
0.50501037,0.4313856,0.0023806125,0.0612234,0.32747231238480484,c2_1
0.32343608,0.65448624,0.0007787912,0.021298937,0.333996639971293,c2_1
0.009131365,0.8344746,0.05071081,0.10568312,0.34052096755778105,c2_1
0.014940203,0.62033015,0.18548426,0.1792454,0.3470452951442692,c2_1
0.024200147,0.8386562,0.028468823,0.10867479,0.3535696227307573,c2_1
0.060697127,0.83711624,0.011127374,0.09105928,0.3584628684206234,c2_1
0.0036536749,0.97959137,0.0007705611,0.015984451,0.3666182779037335,c2_1
0.022762505,0.9474892,0.002235617,0.027512738,0.37314260549022166,c2_1
0.0014333043,0.8915891,0.023960624,0.083017,0.3796669330767098,c2_1
0.0047187707,0.81392664,0.014344877,0.16700974,0.3861912606631979,c2_1
0.0014924415,0.7700277,0.009096402,0.2193834,0.392715588249686,c2_1
0.00044349904,0.7596519,0.0044859936,0.23541863,0.39923991583617413,c2_1
0.000296855,0.37687656,0.006564035,0.6162625,0.40576424342266226,c2_1
0.0010472146,0.8759872,0.001825028,0.12114062,0.41065748911252836,c2_1
0.00018974266,0.39911512,0.005379168,0.595316,0.41881289859563847,c2_1
0.0010811458,0.7691668,0.0035268425,0.22622523,0.4253372261821266,c2_1
0.0016994482,0.80851954,0.0030617574,0.18671927,0.43186155376861474,c2_1
0.0010274312,0.6882252,0.008447426,0.30229992,0.4383858813551028,c2_1
0.00013327175,0.3524451,0.015757283,0.63166434,0.44491020894159095,c2_1
0.00026731697,0.38157088,0.007849098,0.6103127,0.4514345365280791,c2_1
0.00028826005,0.5136557,0.0057911114,0.48026487,0.4579588641145672,c2_1
0.00020829414,0.2123092,0.008029759,0.7794527,0.4644831917010553,c2_1
7.640678e-05,0.041150894,0.0092196185,0.9495531,0.4710075192875434,c2_1
2.2857876e-05,0.018841779,0.0071045556,0.97403085,0.47753184687403155,c2_1
1.17195905e-05,0.007077703,0.008260808,0.9846497,0.4840561744605197,c2_1
5.6534777e-06,0.0026201806,0.0028097704,0.9945644,0.49058050204700776,c2_1
4.5475035e-06,0.001115586,0.0045015546,0.9943784,0.4971048296334959,c2_1
1.798683e-05,0.0030854265,0.00979221,0.9871044,0.5019980753233619,c2_1
9.569492e-06,0.0012897181,0.012093126,0.98660755,0.5085224029098501,c2_1
6.0479106e-06,0.0015386973,0.009682468,0.9887728,0.5150467304963382,c2_1
2.044186e-06,0.00071804674,0.0041464465,0.99513346,0.5215710580828263,c2_1
1.133855e-06,0.0005651947,0.0016125892,0.9978211,0.5297264675659364,c2_1
8.7993936e-07,0.00025830447,0.0015283978,0.99821246,0.5362507951524246,c2_1
1.0152921e-06,0.0001804143,0.0015871729,0.99823135,0.5427751227389127,c2_1
2.4412923e-06,0.00021224239,0.0030632834,0.99672204,0.5492994503254008,c2_1
4.077557e-06,0.00022375987,0.0071675065,0.99260473,0.555823777911889,c2_1
3.332792e-06,0.00041526524,0.0067815054,0.9927999,0.560717023601755,c2_1
1.5790569e-06,0.00032064383,0.004966471,0.9947114,0.5672413511882431,c2_1
9.105289e-06,0.00035856056,0.024868798,0.9747635,0.5753967606713533,c2_1
4.5388265e-06,0.00019728018,0.015144985,0.9846533,0.5819210882578414,c2_1
1.2251265e-06,0.00018970374,0.0071308375,0.9926783,0.5884454158443295,c2_1
9.452724e-07,0.00015429832,0.006051841,0.9937929,0.5949697434308177,c2_1
,,,,0.6014940710173058,c2_1
0.41831338,0.2477945,0.25711852,0.07677362,0.00778026064688708,c2_2
0.5389881,0.23211426,0.08967796,0.13921963,0.014304588233375198,c2_2
0.6872962,0.11738752,0.026441425,0.16887479,0.020828915819863316,c2_2
0.6354164,0.20444879,0.012131471,0.14800335,0.027353243406351434,c2_2
0.35128868,0.24753504,0.054040216,0.347136,0.03387757099283955,c2_2
0.71468383,0.15919977,0.0145747,0.11154166,0.04040189857932767,c2_2
0.50186545,0.23781253,0.02164366,0.23867835,0.046926226165815786,c2_2
0.025102679,0.121293366,0.05634537,0.79725856,0.053450553752303905,c2_2
0.03526577,0.034741156,0.06568717,0.86430585,0.05997488133879202,c2_2
0.0008605924,0.01611131,0.10948447,0.87354356,0.06649920892528013,c2_2
0.0028934747,0.018573796,0.05225607,0.9262767,0.07302353651176825,c2_2
0.8540227,0.10234442,0.0019484067,0.04168456,0.07954786409825637,c2_2
0.5973279,0.17426065,0.009936125,0.21847534,0.08607219168474449,c2_2
0.97138566,0.023276249,0.00024017136,0.0050978553,0.09259651927123261,c2_2
0.98671454,0.012142995,5.9168124e-05,0.0010833032,0.09912084685772073,c2_2
0.4848468,0.48677427,0.0015892325,0.026789702,0.10564517444420884,c2_2
0.85853773,0.12046573,0.0009396807,0.020056814,0.11216950203069696,c2_2
0.98915637,0.009267418,8.994268e-05,0.0014862404,0.11869382961718508,c2_2
0.9948172,0.004684954,2.9023753e-05,0.00046884155,0.12521815720367319,c2_2
0.99809057,0.0017626579,1.17559e-05,0.00013491818,0.13011140289353929,c2_2
0.9844944,0.012688038,0.00018995347,0.0026276426,0.13826681237664942,c2_2
0.30072442,0.17190316,0.029510163,0.49786234,0.14479113996313756,c2_2
0.9921217,0.0060544894,0.00013048743,0.0016933839,0.15131546754962566,c2_2
0.9953951,0.0039041413,6.266094e-05,0.0006380049,0.15620871323949176,c2_2
0.9697502,0.028003655,0.00010562216,0.0021405937,0.1643641227226019,c2_2
0.9942614,0.0050740414,3.4851895e-05,0.00062966393,0.17088845030909003,c2_2
0.9984977,0.0013600466,6.1721767e-06,0.00013601314,0.17741277789557813,c2_2
0.99599,0.003781974,1.3252285e-05,0.00021483777,0.18230602358544423,c2_2
0.99852884,0.0013237715,9.14405e-06,0.00013826413,0.19046143306855437,c2_2
0.9953165,0.004391678,1.879411e-05,0.0002731278,0.1969857606550425,c2_2
0.9986645,0.00121938,5.813911e-06,0.00011030839,0.2035100882415306,c2_2
0.98925775,0.0098310225,4.1224674e-05,0.00087000185,0.2100344158280187,c2_2
0.9963133,0.0033746765,1.6102083e-05,0.00029592984,0.21655874341450684,c2_2
0.973177,0.019579394,0.00043401244,0.006809568,0.22308307100099495,c2_2
0.9914368,0.0075292364,6.970055e-05,0.00096431316,0.22960739858748308,c2_2
0.9974433,0.0023797138,1.0034115e-05,0.00016689891,0.23613172617397118,c2_2
0.9964635,0.0032770296,1.2500353e-05,0.0002470489,0.24265605376045932,c2_2
0.9985501,0.0013166338,6.7908904e-06,0.00012646207,0.24918038134694742,c2_2
0.76861566,0.20113215,0.003359436,0.026892794,0.2540736270368135,c2_2
0.98706275,0.011128489,0.00021523725,0.0015935756,0.26059795462330165,c2_2
0.5822627,0.17230453,0.041925304,0.20350748,0.26875336410641176,c2_2
0.99196213,0.007596199,2.7771157e-05,0.00041391375,0.2752776916928999,c2_2
0.5242462,0.47304258,0.00024205333,0.002469163,0.281802019279388,c2_2
0.4927774,0.5007712,0.00039361516,0.006057821,0.2866952649692541,c2_2
0.4317204,0.5622133,0.00043061085,0.0056357305,0.29485067445236424,c2_2
0.04972198,0.94110763,0.0011161842,0.00805425,0.30137500203885237,c2_2
0.7427571,0.2541628,0.00022195277,0.0028580888,0.30626824772871847,c2_2
0.8052942,0.19270085,0.00012235853,0.0018825898,0.3127925753152066,c2_2
0.0018348594,0.99321955,0.00019312781,0.00475243,0.3209479847983167,c2_2
0.055573005,0.90918696,0.0010854185,0.0341546,0.32747231238480484,c2_2
0.04359761,0.8924923,0.002697401,0.061212715,0.333996639971293,c2_2
0.0011644936,0.87055963,0.051713582,0.07656232,0.34052096755778105,c2_2
0.0018135891,0.38227558,0.36170122,0.25420955,0.3470452951442692,c2_2
0.008721908,0.6701358,0.01897166,0.3021706,0.3535696227307573,c2_2
0.024015026,0.50478077,0.014754824,0.45644945,0.3584628684206234,c2_2
0.0033983795,0.99263084,0.00036393947,0.0036068805,0.3666182779037335,c2_2
0.0060582366,0.98344123,0.0007153933,0.009785165,0.37314260549022166,c2_2
0.0009741466,0.842614,0.009980842,0.14643103,0.3796669330767098,c2_2
0.0018246932,0.89278597,0.0043095835,0.10107974,0.3861912606631979,c2_2
0.002925228,0.87738395,0.0027208794,0.116969965,0.392715588249686,c2_2
0.00073860784,0.83270055,0.0024286376,0.16413213,0.39923991583617413,c2_2
0.00024126141,0.33343685,0.0047722817,0.6615495,0.40576424342266226,c2_2
0.004682668,0.66427475,0.0036366982,0.32740593,0.41065748911252836,c2_2
0.0005564028,0.45004696,0.0037048548,0.5456917,0.41881289859563847,c2_2
0.0048073106,0.9103688,0.0015734449,0.08325038,0.4253372261821266,c2_2
0.005096661,0.92513144,0.0015892063,0.068182655,0.43186155376861474,c2_2
0.001671081,0.74883515,0.0069764373,0.24251729,0.4383858813551028,c2_2
0.00010859846,0.19134788,0.0061955545,0.80234796,0.44491020894159095,c2_2
0.00042762092,0.49529183,0.0057010064,0.4985795,0.4514345365280791,c2_2
0.00043527075,0.36693504,0.0073538614,0.62527585,0.4579588641145672,c2_2
0.00018473921,0.15660526,0.005917583,0.8372924,0.4644831917010553,c2_2
0.00024577277,0.08863727,0.010277882,0.9008391,0.4710075192875434,c2_2
2.918154e-05,0.023296582,0.005595746,0.97107846,0.47753184687403155,c2_2
5.973584e-06,0.004566969,0.0049312282,0.9904958,0.4840561744605197,c2_2
3.2076994e-06,0.0025099393,0.0020150174,0.99547184,0.49058050204700776,c2_2
3.701005e-06,0.0019160623,0.0035684346,0.99451184,0.4971048296334959,c2_2
3.289699e-05,0.018098148,0.01170189,0.9701671,0.5019980753233619,c2_2
9.357774e-06,0.004613917,0.013591287,0.9817855,0.5085224029098501,c2_2
1.5124869e-05,0.004941215,0.009164826,0.9858789,0.5150467304963382,c2_2
6.184517e-06,0.0031189881,0.0053966916,0.99147815,0.5215710580828263,c2_2
1.734281e-06,0.00047504058,0.0022415854,0.9972817,0.5297264675659364,c2_2
5.4691594e-07,0.00012526076,0.0013804944,0.9984937,0.5362507951524246,c2_2
4.923323e-07,9.887367e-05,0.0012494115,0.9986512,0.5427751227389127,c2_2
7.601923e-07,0.00014349639,0.0021270984,0.99772865,0.5492994503254008,c2_2
7.906476e-07,0.0001301152,0.0021935918,0.9976755,0.555823777911889,c2_2
9.985675e-06,0.001586309,0.00801458,0.99038905,0.560717023601755,c2_2
2.212169e-06,0.0007086286,0.005911601,0.9933775,0.5672413511882431,c2_2
4.585493e-07,8.827861e-05,0.0019351871,0.9979761,0.5753967606713533,c2_2
4.834897e-07,8.893415e-05,0.0015947997,0.9983158,0.5819210882578414,c2_2
9.0064333e-07,0.0001558461,0.0018363498,0.9980069,0.5884454158443295,c2_2
9.295726e-07,0.00014217912,0.0015344849,0.9983223,0.5949697434308177,c2_2
,,,,0.6014940710173058,c2_2
0.0036755998,0.076383576,0.708307,0.21163386,0.00778026064688708,c2_3
0.008539422,0.060843926,0.1395043,0.79111236,0.014304588233375198,c2_3
0.0052328464,0.051662598,0.16995384,0.77315074,0.020828915819863316,c2_3
0.054596286,0.14674978,0.05654795,0.74210596,0.027353243406351434,c2_3
0.015323343,0.18612312,0.13993257,0.65862095,0.03387757099283955,c2_3
0.21849193,0.26518705,0.07395054,0.44237044,0.04040189857932767,c2_3
0.79809254,0.15910898,0.009026133,0.0337723,0.046926226165815786,c2_3
0.37316856,0.24156044,0.12665479,0.25861624,0.053450553752303905,c2_3
0.20661947,0.102612495,0.24110687,0.44966123,0.05997488133879202,c2_3
0.01628839,0.029613016,0.63766444,0.31643417,0.06649920892528013,c2_3
0.014795296,0.019521752,0.5955614,0.3701216,0.07302353651176825,c2_3
0.8772969,0.0730824,0.00578314,0.043837514,0.07954786409825637,c2_3
0.68604875,0.1278073,0.013817806,0.17232616,0.08607219168474449,c2_3
0.9638377,0.032024357,0.00028938786,0.0038485639,0.09259651927123261,c2_3
0.9882902,0.010991584,5.7288576e-05,0.0006608864,0.09912084685772073,c2_3
0.2335502,0.7405331,0.0043978393,0.021518808,0.10564517444420884,c2_3
0.81839836,0.15443785,0.0019828845,0.02518087,0.11216950203069696,c2_3
0.9896712,0.009914769,4.0683783e-05,0.00037336905,0.11869382961718508,c2_3
0.99515426,0.00466876,2.2389508e-05,0.00015460388,0.12521815720367319,c2_3
0.9987979,0.0011292455,6.688338e-06,6.621076e-05,0.13011140289353929,c2_3
0.9936248,0.0062329653,2.655065e-05,0.00011564852,0.13826681237664942,c2_3
0.9701001,0.02813966,0.00073209294,0.0010281699,0.14479113996313756,c2_3
0.99798167,0.0019602636,1.1056256e-05,4.7038964e-05,0.15131546754962566,c2_3
0.9980178,0.0019184622,9.4086e-06,5.4381002e-05,0.15620871323949176,c2_3
0.974066,0.024298375,0.00023992124,0.0013957262,0.1643641227226019,c2_3
0.99403536,0.0052704783,5.7955804e-05,0.0006361816,0.17088845030909003,c2_3
0.99859005,0.0012999244,9.235231e-06,0.00010070134,0.17741277789557813,c2_3
0.9939016,0.005367826,6.482805e-05,0.0006657639,0.18230602358544423,c2_3
0.9974406,0.0024342139,1.03690445e-05,0.00011482681,0.19046143306855437,c2_3
0.9915455,0.008083776,4.7154517e-05,0.0003235276,0.1969857606550425,c2_3
0.99801457,0.0019233243,7.660523e-06,5.4386222e-05,0.2035100882415306,c2_3
0.9938466,0.006028358,2.1547128e-05,0.000103480175,0.2100344158280187,c2_3
0.994653,0.0052015265,2.4330659e-05,0.00012114273,0.21655874341450684,c2_3
0.9880427,0.011459184,0.00014112568,0.00035693718,0.22308307100099495,c2_3
0.994989,0.004921322,1.4352942e-05,7.537665e-05,0.22960739858748308,c2_3
0.98982024,0.010037497,2.175844e-05,0.00012038398,0.23613172617397118,c2_3
0.97009754,0.029615965,3.2651034e-05,0.00025379457,0.24265605376045932,c2_3
0.9964522,0.0034829667,4.541577e-06,6.0364375e-05,0.24918038134694742,c2_3
0.990243,0.009653848,1.6059921e-05,8.714811e-05,0.2540736270368135,c2_3
0.9872351,0.01258388,2.1019767e-05,0.00016001545,0.26059795462330165,c2_3
0.97690713,0.022722345,5.298269e-05,0.00031750437,0.26875336410641176,c2_3
0.986088,0.013721983,1.7526012e-05,0.00017252874,0.2752776916928999,c2_3
0.56832033,0.43012157,0.00023683412,0.0013212261,0.281802019279388,c2_3
0.21224423,0.78532076,0.0002628495,0.0021721472,0.2866952649692541,c2_3
0.40190712,0.5964143,0.00032200353,0.0013565875,0.29485067445236424,c2_3
0.33016655,0.66883266,0.0002626608,0.0007381912,0.30137500203885237,c2_3
0.9238663,0.07584108,3.124575e-05,0.00026141095,0.30626824772871847,c2_3
0.86761683,0.1313962,6.724984e-05,0.00091978174,0.3127925753152066,c2_3
0.003569909,0.85104674,0.0025409753,0.14284237,0.3209479847983167,c2_3
0.35478002,0.6031276,0.00054503494,0.041547406,0.32747231238480484,c2_3
0.10965111,0.8885519,0.0003223569,0.0014746145,0.333996639971293,c2_3
0.00477598,0.97730345,0.015130464,0.0027900757,0.34052096755778105,c2_3
0.011165384,0.76632375,0.18735008,0.035160743,0.3470452951442692,c2_3
0.044281647,0.92351276,0.0027818407,0.02942372,0.3535696227307573,c2_3
0.20820728,0.7110417,0.0011700137,0.07958102,0.3584628684206234,c2_3
0.0024721613,0.99549943,0.00011156647,0.0019168011,0.3666182779037335,c2_3
0.0073622414,0.99106556,8.40654e-05,0.0014880564,0.37314260549022166,c2_3
0.0022643853,0.9927947,0.00061926525,0.0043216017,0.3796669330767098,c2_3
0.0015693044,0.99306893,0.00021861239,0.0051431367,0.3861912606631979,c2_3
0.001103104,0.9891453,0.00020861987,0.009543033,0.392715588249686,c2_3
6.645663e-05,0.97179925,0.0003131133,0.027821109,0.39923991583617413,c2_3
9.3551156e-05,0.74279267,0.0019187169,0.25519502,0.40576424342266226,c2_3
0.00054893125,0.9768784,0.0007748743,0.021797784,0.41065748911252836,c2_3
0.00011730819,0.96781534,0.0002632609,0.03180404,0.41881289859563847,c2_3
0.00037516386,0.99662554,7.272529e-05,0.0029265562,0.4253372261821266,c2_3
0.00046347867,0.99753773,6.6520835e-05,0.0019322085,0.43186155376861474,c2_3
0.00020045518,0.99511236,0.00014673897,0.0045404863,0.4383858813551028,c2_3
4.978504e-05,0.6440882,0.002044399,0.3538176,0.44491020894159095,c2_3
8.490743e-05,0.7730114,0.0011810499,0.22572273,0.4514345365280791,c2_3
0.00019369808,0.9528215,0.00077787455,0.046206962,0.4579588641145672,c2_3
0.0002090461,0.824192,0.0018110585,0.17378782,0.4644831917010553,c2_3
2.5619738e-05,0.10574752,0.002498423,0.89172846,0.4710075192875434,c2_3
8.689655e-06,0.043455087,0.0010836364,0.95545256,0.47753184687403155,c2_3
2.1536121e-05,0.052491903,0.008943977,0.93854266,0.4840561744605197,c2_3
3.82649e-06,0.0046574688,0.0017178225,0.9936208,0.49058050204700776,c2_3
1.2532995e-05,0.0057177907,0.013940719,0.9803289,0.4971048296334959,c2_3
4.8268477e-05,0.00448172,0.030073224,0.9653968,0.5019980753233619,c2_3
2.7384564e-05,0.0014448664,0.04968925,0.9488385,0.5085224029098501,c2_3
2.2378814e-05,0.0017094725,0.019094292,0.9791739,0.5150467304963382,c2_3
1.9253755e-06,0.00062304316,0.0032419234,0.9961331,0.5215710580828263,c2_3
1.3973248e-07,0.00043758156,0.00041759462,0.9991447,0.5297264675659364,c2_3
1.5659428e-07,0.00022759783,0.0010230896,0.99874914,0.5362507951524246,c2_3
1.589534e-07,0.00015116746,0.00076503615,0.99908364,0.5427751227389127,c2_3
3.3386266e-07,0.00020345431,0.0017403299,0.99805593,0.5492994503254008,c2_3
8.0112494e-07,0.00020457445,0.003115777,0.9966788,0.555823777911889,c2_3
6.025539e-06,0.00069247326,0.019999463,0.9793021,0.560717023601755,c2_3
1.2854633e-06,0.00040596508,0.005140329,0.9944524,0.5672413511882431,c2_3
5.315611e-07,0.00010547027,0.0019183995,0.99797565,0.5753967606713533,c2_3
4.4300205e-07,0.00010491256,0.0016357593,0.9982589,0.5819210882578414,c2_3
3.2956817e-07,0.00018951617,0.0013928576,0.99841726,0.5884454158443295,c2_3
3.7882617e-07,0.00015465169,0.0010556321,0.99878937,0.5949697434308177,c2_3
,,,,0.6014940710173058,c2_3
0.9052243,0.04798671,0.012374354,0.03441459,0.00778026064688708,c2_4
0.6575893,0.13842449,0.0075344755,0.19645168,0.014304588233375198,c2_4
0.32583296,0.09909579,0.01178499,0.56328624,0.020828915819863316,c2_4
0.41870347,0.07966059,0.008749777,0.49288616,0.027353243406351434,c2_4
0.25714096,0.11682486,0.017068526,0.6089657,0.03387757099283955,c2_4
0.5203539,0.17120075,0.033929214,0.27451605,0.04040189857932767,c2_4
0.9094954,0.06735104,0.006521944,0.016631639,0.046926226165815786,c2_4
0.42648152,0.30912295,0.15467955,0.10971597,0.053450553752303905,c2_4
0.37126616,0.12511319,0.22914794,0.27447268,0.05997488133879202,c2_4
0.0013013062,0.033179834,0.6179324,0.34758657,0.06649920892528013,c2_4
0.0011320072,0.02327547,0.23835419,0.7372384,0.07302353651176825,c2_4
0.9481756,0.0420474,0.0007396828,0.009037319,0.07954786409825637,c2_4
0.81104505,0.044980794,0.0038043398,0.14016981,0.08607219168474449,c2_4
0.9748947,0.015672503,0.00032968892,0.00910309,0.09259651927123261,c2_4
0.9790222,0.01709039,0.0003270155,0.0035604048,0.09912084685772073,c2_4
0.49740884,0.46920705,0.0028465914,0.030537475,0.10564517444420884,c2_4
0.93564224,0.05285876,0.00039932993,0.011099699,0.11216950203069696,c2_4
0.9845632,0.0115913395,0.00010939052,0.003736132,0.11869382961718508,c2_4
0.99125016,0.0067494833,7.709909e-05,0.0019232137,0.12521815720367319,c2_4
0.9902534,0.008384141,0.00011312219,0.0012492532,0.13011140289353929,c2_4
0.9869393,0.01142743,0.00018803732,0.0014451805,0.13826681237664942,c2_4
0.75306684,0.12754819,0.014381354,0.1050037,0.14479113996313756,c2_4
0.99000484,0.00895097,0.00012789163,0.0009163468,0.15131546754962566,c2_4
0.9887905,0.010522398,9.526587e-05,0.0005918609,0.15620871323949176,c2_4
0.96080405,0.037801024,0.0001338551,0.0012611002,0.1643641227226019,c2_4
0.9881754,0.010850494,4.2751508e-05,0.00093134947,0.17088845030909003,c2_4
0.9960277,0.0035462931,1.4942986e-05,0.00041109382,0.17741277789557813,c2_4
0.9844758,0.012946152,0.00010819592,0.0024698752,0.18230602358544423,c2_4
0.9951658,0.0045977132,2.8344402e-05,0.00020804904,0.19046143306855437,c2_4
0.9844812,0.015025172,6.223302e-05,0.0004313389,0.1969857606550425,c2_4
0.9927971,0.0069057457,3.4813944e-05,0.0002623556,0.2035100882415306,c2_4
0.9854767,0.014114491,5.5550012e-05,0.00035323465,0.2100344158280187,c2_4
0.9879561,0.011701048,4.0552015e-05,0.0003022681,0.21655874341450684,c2_4
0.96234727,0.035351925,0.00015727042,0.0021435772,0.22308307100099495,c2_4
0.98967606,0.009958091,3.341783e-05,0.00033245748,0.22960739858748308,c2_4
0.9950275,0.004837732,1.3604115e-05,0.0001211114,0.23613172617397118,c2_4
0.99215406,0.007658613,1.0866227e-05,0.00017645981,0.24265605376045932,c2_4
0.9948323,0.0049851313,8.9166615e-06,0.00017358507,0.24918038134694742,c2_4
0.97462577,0.02259228,0.00029747104,0.0024843938,0.2540736270368135,c2_4
0.9844061,0.014688269,0.00013967794,0.0007659484,0.26059795462330165,c2_4
0.9820707,0.016272692,0.00013114826,0.0015254791,0.26875336410641176,c2_4
0.9231104,0.075430594,0.0002178019,0.0012411932,0.2752776916928999,c2_4
0.35437006,0.6408375,0.0008232507,0.0039691776,0.281802019279388,c2_4
0.18081191,0.8096248,0.0010589706,0.008504432,0.2866952649692541,c2_4
0.4481962,0.5116585,0.0012407231,0.038904548,0.29485067445236424,c2_4
0.35844505,0.6051775,0.0007369239,0.03564058,0.30137500203885237,c2_4
0.8735704,0.12397105,0.00013393883,0.0023246396,0.30626824772871847,c2_4
0.86339164,0.13351706,0.00019974235,0.0028914355,0.3127925753152066,c2_4
0.0060368935,0.7134005,0.004142742,0.27641982,0.3209479847983167,c2_4
0.12517093,0.40599602,0.00509892,0.46373406,0.32747231238480484,c2_4
0.25006384,0.45035875,0.0029101786,0.29666728,0.333996639971293,c2_4
0.011583414,0.22706652,0.28349617,0.47785392,0.34052096755778105,c2_4
0.00184944,0.06422361,0.58268523,0.35124174,0.3470452951442692,c2_4
0.0069165067,0.12859243,0.042980354,0.8215107,0.3535696227307573,c2_4
0.070742406,0.51995116,0.007693795,0.4016127,0.3584628684206234,c2_4
0.011904827,0.9184659,0.0014710814,0.06815819,0.3666182779037335,c2_4
0.07323376,0.8526974,0.0018228168,0.07224605,0.37314260549022166,c2_4
0.008918261,0.6953973,0.008454841,0.2872296,0.3796669330767098,c2_4
0.0060261325,0.53493285,0.0063500796,0.45269105,0.3861912606631979,c2_4
0.002056403,0.4546376,0.0042110393,0.53909504,0.392715588249686,c2_4
0.00022972029,0.31292337,0.0031269828,0.68371993,0.39923991583617413,c2_4
0.00010795671,0.18085401,0.0032577757,0.8157803,0.40576424342266226,c2_4
0.004950214,0.7821915,0.0022255324,0.21063271,0.41065748911252836,c2_4
0.00014097325,0.35485664,0.0017538032,0.6432486,0.41881289859563847,c2_4
0.0012640846,0.820922,0.0008600965,0.17695384,0.4253372261821266,c2_4
0.0045781685,0.93898517,0.0004401562,0.05599653,0.43186155376861474,c2_4
0.0030704082,0.91920733,0.0018005703,0.07592173,0.4383858813551028,c2_4
0.00012491457,0.2192137,0.0069086663,0.77375275,0.44491020894159095,c2_4
7.375313e-05,0.23543568,0.0075780875,0.75691247,0.4514345365280791,c2_4
0.00027812732,0.29993755,0.005426834,0.6943575,0.4579588641145672,c2_4
0.0006405123,0.21057746,0.0073633986,0.7814186,0.4644831917010553,c2_4
6.9568094e-05,0.019944904,0.01296863,0.96701694,0.4710075192875434,c2_4
1.4084093e-05,0.013928368,0.0079483325,0.97810924,0.47753184687403155,c2_4
1.1465534e-05,0.010440603,0.011748944,0.977799,0.4840561744605197,c2_4
3.7023071e-06,0.0037328545,0.0034707447,0.9927927,0.49058050204700776,c2_4
8.629324e-06,0.0054489155,0.008403629,0.98613876,0.4971048296334959,c2_4
2.0888829e-05,0.0030179736,0.040009942,0.95695114,0.5019980753233619,c2_4
5.947406e-06,0.0009192611,0.024343789,0.9747311,0.5085224029098501,c2_4
1.0219596e-05,0.0011955737,0.029487308,0.96930695,0.5150467304963382,c2_4
1.9909132e-06,0.0008458941,0.0069514927,0.9922007,0.5215710580828263,c2_4
7.669443e-07,0.0011389934,0.0028178464,0.9960424,0.5297264675659364,c2_4
2.0680602e-06,0.0013893659,0.0042460333,0.9943626,0.5362507951524246,c2_4
6.7150527e-06,0.001806996,0.0059450814,0.99224126,0.5427751227389127,c2_4
2.1558375e-05,0.0012358883,0.009380948,0.9893616,0.5492994503254008,c2_4
2.3974872e-05,0.0005905475,0.022970695,0.9764147,0.555823777911889,c2_4
9.840081e-05,0.0010312046,0.0321224,0.96674794,0.560717023601755,c2_4
5.0669278e-06,0.00035507767,0.007987763,0.9916521,0.5672413511882431,c2_4
3.3044673e-06,0.00024005529,0.010270441,0.9894862,0.5753967606713533,c2_4
7.636703e-06,0.00024208332,0.010393015,0.9893573,0.5819210882578414,c2_4
9.865743e-07,0.00016251905,0.0040315483,0.9958049,0.5884454158443295,c2_4
1.1920245e-06,0.00019287966,0.00500724,0.99479866,0.5949697434308177,c2_4
,,,,0.6014940710173058,c2_4
