0,1,2,3,time,classifier,pseudotime_index,pseudotime
0.55386245,0.1763227,0.17778678,0.09202809,1,c1_0,1,0.3250713
0.6057326,0.1679771,0.13978532,0.08650498,3,c1_0,3,0.33379212
0.5967748,0.17436735,0.14094855,0.08790929,5,c1_0,5,0.35966438
0.5348407,0.19521977,0.16177149,0.10816799,7,c1_0,7,0.36385068
0.5215461,0.19915174,0.17568074,0.10362141,9,c1_0,9,0.3746114
0.5404823,0.20307341,0.15305012,0.10339413,11,c1_0,11,0.38257623
0.5237117,0.21284753,0.15597591,0.10746493,13,c1_0,13,0.38689575
0.46218693,0.22734581,0.18430483,0.12616238,15,c1_0,15,0.39932215
0.55779123,0.21498227,0.12768058,0.099545866,17,c1_0,17,0.40493307
0.58888155,0.20860082,0.11543031,0.087087296,19,c1_0,19,0.40907484
0.5383919,0.22540517,0.12814277,0.10806016,21,c1_0,21,0.41316986
0.5467267,0.22143444,0.12006857,0.11177025,23,c1_0,23,0.4179559
0.61563754,0.20600598,0.10267306,0.07568347,25,c1_0,25,0.4212921
0.5011015,0.23967738,0.13737698,0.12184419,27,c1_0,27,0.42743686
0.3935436,0.25951788,0.18080677,0.16613176,29,c1_0,29,0.42836356
0.34068882,0.24899827,0.21748237,0.19283053,31,c1_0,31,0.43130544
0.3144431,0.2441837,0.22691533,0.21445788,33,c1_0,33,0.4334783
0.2758774,0.24218306,0.2612374,0.22070213,35,c1_0,35,0.44602007
0.25872958,0.23561485,0.28512433,0.22053118,37,c1_0,37,0.44781584
0.24788891,0.23016502,0.31150186,0.21044418,39,c1_0,39,0.45465595
0.25959206,0.2327606,0.30418393,0.20346342,41,c1_0,41,0.4676976
0.26757202,0.23489241,0.30269465,0.19484097,43,c1_0,43,0.47799823
0.28991044,0.23939304,0.275206,0.19549057,45,c1_0,45,0.47922197
0.3222794,0.24037845,0.24192816,0.19541402,47,c1_0,47,0.49376398
0.3107146,0.24299915,0.25029978,0.19598646,49,c1_0,49,0.49827123
0.32009658,0.2458071,0.24350399,0.19059229,51,c1_0,51,0.50393045
0.3450434,0.24803656,0.22139099,0.18552905,53,c1_0,53,0.5204292
0.3685701,0.25128204,0.19995145,0.18019637,55,c1_0,55,0.5226173
0.3857008,0.25364706,0.18699597,0.1736562,57,c1_0,57,0.5269752
0.39395964,0.25442478,0.1855377,0.16607785,59,c1_0,59,0.5275566
0.41260445,0.24932387,0.17742723,0.16064446,61,c1_0,61,0.5311333
0.4026161,0.2553531,0.18378212,0.15824871,63,c1_0,63,0.5362405
0.2968291,0.23965736,0.23579736,0.22771615,65,c1_0,65,0.5437371
0.2863869,0.2397039,0.23302232,0.24088688,67,c1_0,67,0.54746187
0.29183018,0.24153395,0.22567578,0.24096008,69,c1_0,69,0.5632145
0.29778454,0.25075772,0.21815337,0.23330441,71,c1_0,71,0.56884885
0.32355362,0.25902742,0.2029872,0.21443179,73,c1_0,73,0.5726982
0.35186684,0.26573178,0.18599272,0.19640867,75,c1_0,75,0.5749665
0.3343411,0.26596752,0.19577733,0.20391399,77,c1_0,77,0.5798603
0.35372266,0.27212122,0.1855542,0.1886019,79,c1_0,79,0.58516747
0.3701981,0.27342016,0.17857602,0.17780574,81,c1_0,81,0.5877568
0.39944673,0.26970315,0.1681394,0.16271071,83,c1_0,83,0.5957076
0.4132842,0.2736816,0.1621039,0.15093032,85,c1_0,85,0.59877026
0.43301478,0.27290285,0.15401676,0.14006573,87,c1_0,87,0.6013746
0.43481773,0.26730943,0.1514775,0.14639531,89,c1_0,89,0.6078696
0.44362077,0.27079302,0.14518452,0.1404017,91,c1_0,91,0.6182356
0.4182299,0.27946746,0.15413912,0.14816344,93,c1_0,93,0.6228127
0.4120952,0.2756206,0.15789312,0.15439107,95,c1_0,95,0.6256511
0.4170281,0.27617362,0.15390232,0.15289593,97,c1_0,97,0.6280718
0.43698668,0.27875477,0.14010565,0.14415286,99,c1_0,99,0.62892306
0.46343052,0.27492768,0.13081665,0.13082518,101,c1_0,101,0.6337474
0.48363,0.27039546,0.12403878,0.1219358,103,c1_0,103,0.63572353
0.47044283,0.27406347,0.12767401,0.12781976,105,c1_0,105,0.6360798
0.41135287,0.28593567,0.15153383,0.15117764,107,c1_0,107,0.63723415
0.42203817,0.2830119,0.1430016,0.15194832,109,c1_0,109,0.63825583
0.41207397,0.28297946,0.14749546,0.15745105,111,c1_0,111,0.64094335
0.42846164,0.28803122,0.13574551,0.14776161,113,c1_0,113,0.64379734
0.43725967,0.28925812,0.13100423,0.14247806,115,c1_0,115,0.64444077
0.43532878,0.2908618,0.13271278,0.1410966,117,c1_0,117,0.6458339
0.47271875,0.2871809,0.11364912,0.12645118,119,c1_0,119,0.6473318
0.49639642,0.28239995,0.10588468,0.11531894,121,c1_0,121,0.6486608
0.51857346,0.27692172,0.10035236,0.10415252,123,c1_0,123,0.64887655
0.4869792,0.286851,0.108090006,0.118079856,125,c1_0,125,0.65048075
0.51453346,0.2802981,0.10071339,0.10445509,127,c1_0,127,0.650911
0.4773908,0.28654563,0.11270045,0.123363145,129,c1_0,129,0.65253913
0.4914353,0.28582928,0.107420065,0.11531535,131,c1_0,131,0.6527983
0.49538115,0.2863711,0.10581261,0.11243512,133,c1_0,133,0.6537433
0.5070963,0.2856561,0.103027955,0.104219615,135,c1_0,135,0.6544877
0.4678933,0.29702562,0.11503818,0.1200429,137,c1_0,137,0.6546019
0.4926761,0.29193288,0.10532136,0.110069595,139,c1_0,139,0.6558261
0.5144537,0.286201,0.1008774,0.09846789,141,c1_0,141,0.6563691
0.5510687,0.27587774,0.09091594,0.0821376,143,c1_0,143,0.6581294
0.5575483,0.27412635,0.08960407,0.07872128,145,c1_0,145,0.6587085
0.56652033,0.27213162,0.08359814,0.077749945,147,c1_0,147,0.66010594
0.578364,0.27150136,0.078156866,0.07197779,149,c1_0,149,0.66096044
0.507808,0.2899647,0.10025551,0.10197167,151,c1_0,151,0.6610741
0.4838479,0.29570916,0.10840156,0.112041354,153,c1_0,153,0.6635411
0.47811794,0.29813567,0.11133466,0.11241177,155,c1_0,155,0.66455066
0.52064645,0.2926618,0.0940673,0.09262439,157,c1_0,157,0.6666379
0.5474561,0.28436422,0.08701031,0.081169344,159,c1_0,159,0.6687522
0.58526593,0.2706762,0.074889675,0.06916816,161,c1_0,161,0.67162067
0.5433383,0.28756514,0.088712715,0.08038386,163,c1_0,163,0.6723641
0.5394559,0.29150575,0.08520323,0.08383515,165,c1_0,165,0.6725024
0.5181541,0.2977937,0.0919224,0.092129774,167,c1_0,167,0.6725976
0.5052275,0.3043339,0.09466927,0.09576925,169,c1_0,169,0.6735895
0.4756519,0.3149439,0.10023478,0.10916948,171,c1_0,171,0.6739024
0.49268004,0.30948383,0.0945416,0.10329447,173,c1_0,173,0.67446625
0.481518,0.3119721,0.09939708,0.10711277,175,c1_0,175,0.67498314
0.48130587,0.31427944,0.09534197,0.10907263,177,c1_0,177,0.67538595
0.4688796,0.3145279,0.094653435,0.12193902,179,c1_0,179,0.67604
0.43327093,0.3247231,0.104407914,0.13759807,181,c1_0,181,0.6778044
0.42360032,0.3318239,0.10262722,0.1419486,183,c1_0,183,0.67798924
0.40079883,0.33969492,0.10622381,0.15328248,185,c1_0,185,0.6784632
0.31564057,0.35918447,0.14160953,0.1835654,187,c1_0,187,0.6786741
0.30743906,0.35040858,0.15288767,0.18926466,189,c1_0,189,0.679045
0.32151067,0.33729842,0.15398517,0.18720575,191,c1_0,191,0.6795744
0.33658633,0.331397,0.15609299,0.1759237,193,c1_0,193,0.67991394
0.35920987,0.3315557,0.14672215,0.16251227,195,c1_0,195,0.6799602
0.23153615,0.36706156,0.20562345,0.19577889,197,c1_0,197,0.68091094
0.24886627,0.35355383,0.20612635,0.19145344,199,c1_0,199,0.68174076
0.29432595,0.34132385,0.19285055,0.17149962,201,c1_0,201,0.68257344
0.2906757,0.33872613,0.1999601,0.17063804,203,c1_0,203,0.6828178
0.3017476,0.3335997,0.19730528,0.16734749,205,c1_0,205,0.68438023
0.22500606,0.34693,0.23423284,0.19383104,207,c1_0,207,0.6845103
0.25244778,0.33432308,0.21947613,0.193753,209,c1_0,209,0.6851906
0.23159392,0.3276183,0.23426446,0.20652324,211,c1_0,211,0.68602294
0.23117873,0.32260793,0.24137785,0.20483541,213,c1_0,213,0.68695956
0.23099168,0.322654,0.24275932,0.20359504,215,c1_0,215,0.6886268
0.2504182,0.3243141,0.23190624,0.1933615,217,c1_0,217,0.694205
0.26140726,0.32559603,0.22271802,0.19027872,219,c1_0,219,0.6982267
0.21755196,0.32183245,0.252207,0.20840862,221,c1_0,221,0.6985281
0.21241766,0.32109356,0.25486115,0.21162756,223,c1_0,223,0.69959027
0.2441731,0.31927925,0.2371686,0.19937904,225,c1_0,225,0.700902
0.23830797,0.31324667,0.24033022,0.20811515,227,c1_0,227,0.70526797
0.2242266,0.30978924,0.2471379,0.21884623,229,c1_0,229,0.70622945
0.05707528,0.2873276,0.3684306,0.28716654,231,c1_0,231,0.7083701
0.31586578,0.19237454,0.3108294,0.18093027,1,c1_1,1,0.3250713
0.3067237,0.20057136,0.2926161,0.20008889,3,c1_1,3,0.33379212
0.30961612,0.21195655,0.2886908,0.18973649,5,c1_1,5,0.35966438
0.33433327,0.20055495,0.27346748,0.19164419,7,c1_1,7,0.36385068
0.3106321,0.21504384,0.29369944,0.1806246,9,c1_1,9,0.3746114
0.31905267,0.20231973,0.27853978,0.20008788,11,c1_1,11,0.38257623
0.32987183,0.21774364,0.25440407,0.19798039,13,c1_1,13,0.38689575
0.34653193,0.21791023,0.23530762,0.20025018,15,c1_1,15,0.39932215
0.33899274,0.2142897,0.23185678,0.21486078,17,c1_1,17,0.40493307
0.30746418,0.20655939,0.25814927,0.22782718,19,c1_1,19,0.40907484
0.32240257,0.1999386,0.25180805,0.22585076,21,c1_1,21,0.41316986
0.32809606,0.20618814,0.24996519,0.21575055,23,c1_1,23,0.4179559
0.25852785,0.18115054,0.29425353,0.2660681,25,c1_1,25,0.4212921
0.28048185,0.18492547,0.2652537,0.26933908,27,c1_1,27,0.42743686
0.28590167,0.19511394,0.2542343,0.26475006,29,c1_1,29,0.42836356
0.29364002,0.20253822,0.25010863,0.25371307,31,c1_1,31,0.43130544
0.2866341,0.2085771,0.23981297,0.26497582,33,c1_1,33,0.4334783
0.29050067,0.2283597,0.22601323,0.25512633,35,c1_1,35,0.44602007
0.2974003,0.2258436,0.2177546,0.25900155,37,c1_1,37,0.44781584
0.302117,0.23732889,0.21384798,0.24670619,39,c1_1,39,0.45465595
0.30745256,0.24146996,0.19845366,0.25262377,41,c1_1,41,0.4676976
0.30888253,0.25022125,0.19208576,0.24881041,43,c1_1,43,0.47799823
0.321866,0.25337175,0.1757394,0.24902286,45,c1_1,45,0.47922197
0.33578092,0.25443733,0.16801976,0.24176203,47,c1_1,47,0.49376398
0.3434969,0.24810235,0.16773818,0.2406626,49,c1_1,49,0.49827123
0.35387635,0.25368875,0.15997128,0.23246354,51,c1_1,51,0.50393045
0.34616488,0.25472263,0.16399762,0.23511492,53,c1_1,53,0.5204292
0.35961953,0.2555886,0.15767236,0.22711958,55,c1_1,55,0.5226173
0.3846092,0.2549015,0.1453674,0.21512188,57,c1_1,57,0.5269752
0.38912976,0.25723,0.14202656,0.21161368,59,c1_1,59,0.5275566
0.405178,0.25669527,0.13215591,0.20597075,61,c1_1,61,0.5311333
0.39202613,0.26369908,0.13646747,0.20780732,63,c1_1,63,0.5362405
0.33690318,0.25966185,0.16307242,0.24036242,65,c1_1,65,0.5437371
0.33592856,0.25369862,0.16395137,0.24642146,67,c1_1,67,0.54746187
0.31643847,0.25972646,0.16832313,0.2555119,69,c1_1,69,0.5632145
0.3280549,0.26311365,0.15773787,0.25109357,71,c1_1,71,0.56884885
0.3448873,0.26548868,0.14978519,0.23983884,73,c1_1,73,0.5726982
0.35589764,0.26758334,0.14548433,0.23103477,75,c1_1,75,0.5749665
0.34362954,0.2609043,0.15945035,0.23601578,77,c1_1,77,0.5798603
0.35484308,0.26258668,0.15605678,0.22651348,79,c1_1,79,0.58516747
0.36574298,0.26575345,0.15106888,0.21743461,81,c1_1,81,0.5877568
0.39045084,0.26642922,0.13981445,0.20330548,83,c1_1,83,0.5957076
0.39625353,0.26736614,0.13972455,0.19665572,85,c1_1,85,0.59877026
0.42992267,0.26530585,0.12695369,0.17781782,87,c1_1,87,0.6013746
0.40083888,0.26924738,0.13778448,0.19212921,89,c1_1,89,0.6078696
0.4065117,0.2708423,0.13489947,0.1877466,91,c1_1,91,0.6182356
0.40422907,0.26933146,0.14088106,0.18555836,93,c1_1,93,0.6228127
0.40453103,0.2673926,0.14019795,0.18787844,95,c1_1,95,0.6256511
0.38896063,0.2732734,0.14340724,0.19435875,97,c1_1,97,0.6280718
0.41274613,0.27060246,0.13408962,0.18256174,99,c1_1,99,0.62892306
0.44056335,0.27248603,0.12109168,0.16585904,101,c1_1,101,0.6337474
0.46940872,0.27105385,0.109052666,0.15048485,103,c1_1,103,0.63572353
0.4773382,0.2665802,0.10625894,0.14982264,105,c1_1,105,0.6360798
0.39791718,0.27342302,0.14012352,0.18853629,107,c1_1,107,0.63723415
0.41301906,0.27222964,0.13120843,0.18354282,109,c1_1,109,0.63825583
0.41459417,0.27280933,0.12808195,0.18451463,111,c1_1,111,0.64094335
0.42536587,0.2736454,0.12230426,0.17868449,113,c1_1,113,0.64379734
0.4467748,0.27491182,0.11156303,0.16675036,115,c1_1,115,0.64444077
0.43703586,0.27558726,0.115565285,0.17181157,117,c1_1,117,0.6458339
0.4718012,0.2709411,0.10209007,0.15516768,119,c1_1,119,0.6473318
0.48612252,0.27182212,0.096883446,0.14517197,121,c1_1,121,0.6486608
0.5180019,0.2671835,0.086757384,0.12805714,123,c1_1,123,0.64887655
0.49404866,0.26884997,0.09339953,0.14370193,125,c1_1,125,0.65048075
0.50614524,0.26860222,0.089426376,0.13582616,127,c1_1,127,0.650911
0.47985607,0.27216366,0.099517375,0.14846277,129,c1_1,129,0.65253913
0.5025114,0.26914304,0.0944923,0.13385327,131,c1_1,131,0.6527983
0.512044,0.26712555,0.09261286,0.12821758,133,c1_1,133,0.6537433
0.52086025,0.26595464,0.08852315,0.12466189,135,c1_1,135,0.6544877
0.48598403,0.2675245,0.10494285,0.14154863,137,c1_1,137,0.6546019
0.5228362,0.26508567,0.09115281,0.120925345,139,c1_1,139,0.6558261
0.540419,0.26529688,0.084527485,0.10975672,141,c1_1,141,0.6563691
0.5875728,0.25321615,0.06916906,0.090042025,143,c1_1,143,0.6581294
0.57896453,0.2534998,0.0749722,0.09256356,145,c1_1,145,0.6587085
0.58244985,0.2528098,0.07177135,0.09296905,147,c1_1,147,0.66010594
0.5748375,0.25429323,0.07601671,0.09485254,149,c1_1,149,0.66096044
0.52141625,0.26457927,0.09168856,0.12231589,151,c1_1,151,0.6610741
0.51009035,0.2669794,0.09513595,0.12779433,153,c1_1,153,0.6635411
0.5009919,0.26524997,0.09989188,0.13386624,155,c1_1,155,0.66455066
0.55115294,0.2579034,0.08109364,0.10985007,157,c1_1,157,0.6666379
0.5778993,0.25307092,0.071562864,0.09746691,159,c1_1,159,0.6687522
0.6147549,0.2419848,0.059567768,0.08369248,161,c1_1,161,0.67162067
0.60617775,0.24357863,0.061585594,0.088658,163,c1_1,163,0.6723641
0.5745654,0.24991614,0.0704126,0.10510588,165,c1_1,165,0.6725024
0.56107193,0.2563484,0.07056999,0.112009615,167,c1_1,167,0.6725976
0.5489147,0.26291192,0.07371785,0.114455655,169,c1_1,169,0.6735895
0.513507,0.2844855,0.07409268,0.12791485,171,c1_1,171,0.6739024
0.52842486,0.28132513,0.06997914,0.120270915,173,c1_1,173,0.67446625
0.5070251,0.28426018,0.07667019,0.1320445,175,c1_1,175,0.67498314
0.50469995,0.28311452,0.07872019,0.13346538,177,c1_1,177,0.67538595
0.5106574,0.28519854,0.07113336,0.13301073,179,c1_1,179,0.67604
0.48392442,0.2895537,0.07930995,0.14721197,181,c1_1,181,0.6778044
0.4652981,0.29650566,0.08343189,0.15476437,183,c1_1,183,0.67798924
0.41329554,0.32024875,0.08855924,0.17789651,185,c1_1,185,0.6784632
0.29606375,0.35359758,0.12771586,0.22262286,187,c1_1,187,0.6786741
0.2802926,0.3420764,0.14518607,0.23244494,189,c1_1,189,0.679045
0.29104108,0.34669465,0.13637336,0.22589092,191,c1_1,191,0.6795744
0.33942485,0.32015616,0.13176414,0.20865488,193,c1_1,193,0.67991394
0.3747129,0.3187607,0.117359,0.18916737,195,c1_1,195,0.6799602
0.21674384,0.35131195,0.19460197,0.23734222,197,c1_1,197,0.68091094
0.23841482,0.3363377,0.19102032,0.2342271,199,c1_1,199,0.68174076
0.2831557,0.3271091,0.1798621,0.20987307,201,c1_1,201,0.68257344
0.27446866,0.33843252,0.18605478,0.201044,203,c1_1,203,0.6828178
0.3167172,0.32836035,0.17225264,0.18266976,205,c1_1,205,0.68438023
0.22359398,0.33720803,0.22864294,0.21055508,207,c1_1,207,0.6845103
0.19148532,0.33676958,0.23850107,0.233244,209,c1_1,209,0.6851906
0.20686449,0.34357804,0.22683887,0.22271852,211,c1_1,211,0.68602294
0.23049225,0.33848694,0.21637942,0.21464139,213,c1_1,213,0.68695956
0.2503666,0.3460946,0.20254827,0.2009905,215,c1_1,215,0.6886268
0.28565708,0.34674343,0.18702611,0.18057336,217,c1_1,217,0.694205
0.28825882,0.35131523,0.18036987,0.18005611,219,c1_1,219,0.6982267
0.19356106,0.36455974,0.22433887,0.2175403,221,c1_1,221,0.6985281
0.1895684,0.3555224,0.23156244,0.22334677,223,c1_1,223,0.69959027
0.229872,0.35988393,0.21014263,0.2001014,225,c1_1,225,0.700902
0.20622651,0.3537593,0.23401453,0.20599958,227,c1_1,227,0.70526797
0.19254406,0.3580984,0.22672334,0.2226342,229,c1_1,229,0.70622945
0.06837589,0.3536311,0.31110418,0.26688886,231,c1_1,231,0.7083701
0.97408617,0.0248408,0.00079638197,0.00027663677,1,c1_2,1,0.3250713
0.9707606,0.028175687,0.0007788821,0.00028483517,3,c1_2,3,0.33379212
0.9699776,0.028938167,0.0007398741,0.0003444109,5,c1_2,5,0.35966438
0.9640225,0.034118637,0.001282089,0.00057676726,7,c1_2,7,0.36385068
0.9659187,0.03246352,0.0010551725,0.00056262524,9,c1_2,9,0.3746114
0.963038,0.034964785,0.001327904,0.00066937075,11,c1_2,11,0.38257623
0.94774354,0.048569165,0.0024198329,0.0012674906,13,c1_2,13,0.38689575
0.8981174,0.0894424,0.007940263,0.0044999216,15,c1_2,15,0.39932215
0.9238124,0.06924762,0.005064469,0.0018755709,17,c1_2,17,0.40493307
0.8978132,0.086737424,0.011857211,0.0035921894,19,c1_2,19,0.40907484
0.76543343,0.17421234,0.045159195,0.015194972,21,c1_2,21,0.41316986
0.73063105,0.19738033,0.052163538,0.019825181,23,c1_2,23,0.4179559
0.76827645,0.16744943,0.05486324,0.009410876,25,c1_2,25,0.4212921
0.80466264,0.14494176,0.040056445,0.01033912,27,c1_2,27,0.42743686
0.60447896,0.25735474,0.110051766,0.028114595,29,c1_2,29,0.42836356
0.4797911,0.25710493,0.18997015,0.07313383,31,c1_2,31,0.43130544
0.5382053,0.2546755,0.14576767,0.061351527,33,c1_2,33,0.4334783
0.40347707,0.25648913,0.21230896,0.12772481,35,c1_2,35,0.44602007
0.3519174,0.24642141,0.24050492,0.16115636,37,c1_2,37,0.44781584
0.37154698,0.23837498,0.23051934,0.15955862,39,c1_2,39,0.45465595
0.31768313,0.23348735,0.26456344,0.18426608,41,c1_2,41,0.4676976
0.30680332,0.23429167,0.26117876,0.19772626,43,c1_2,43,0.47799823
0.3142434,0.23767106,0.25183448,0.19625103,45,c1_2,45,0.47922197
0.31434783,0.23967966,0.25078377,0.19518878,47,c1_2,47,0.49376398
0.32099268,0.24222621,0.24536544,0.19141568,49,c1_2,49,0.49827123
0.3083041,0.24454728,0.24272346,0.20442522,51,c1_2,51,0.50393045
0.31505093,0.24558517,0.23327728,0.20608659,53,c1_2,53,0.5204292
0.33604127,0.25534737,0.20837626,0.20023504,55,c1_2,55,0.5226173
0.34995082,0.26552397,0.18868199,0.19584322,57,c1_2,57,0.5269752
0.35263622,0.26828814,0.18512122,0.19395436,59,c1_2,59,0.5275566
0.36888182,0.2715315,0.17801616,0.1815705,61,c1_2,61,0.5311333
0.36379808,0.2682654,0.17954583,0.18839069,63,c1_2,63,0.5362405
0.2528651,0.23398156,0.2643302,0.24882306,65,c1_2,65,0.5437371
0.25146544,0.23713571,0.26169643,0.24970235,67,c1_2,67,0.54746187
0.2858755,0.24631047,0.21682753,0.25098658,69,c1_2,69,0.5632145
0.28280944,0.24981509,0.22215544,0.24522005,71,c1_2,71,0.56884885
0.31176743,0.2555503,0.2017362,0.23094617,73,c1_2,73,0.5726982
0.3214355,0.26131865,0.19242208,0.22482379,75,c1_2,75,0.5749665
0.3109281,0.25758597,0.19470894,0.23677702,77,c1_2,77,0.5798603
0.3167621,0.26405662,0.19279999,0.2263813,79,c1_2,79,0.58516747
0.33871052,0.26499155,0.18271066,0.21358731,81,c1_2,81,0.5877568
0.3428441,0.27005538,0.17753844,0.20956208,83,c1_2,83,0.5957076
0.34503084,0.26948723,0.17794354,0.20753835,85,c1_2,85,0.59877026
0.356368,0.26946828,0.17649075,0.19767298,87,c1_2,87,0.6013746
0.36262745,0.27180633,0.17396401,0.1916022,89,c1_2,89,0.6078696
0.36850205,0.27339923,0.1699294,0.18816933,91,c1_2,91,0.6182356
0.36609524,0.2732131,0.16838066,0.19231111,93,c1_2,93,0.6228127
0.36646405,0.27153325,0.17428061,0.18772209,95,c1_2,95,0.6256511
0.3749225,0.27628088,0.16335739,0.18543917,97,c1_2,97,0.6280718
0.3825694,0.2774366,0.15748492,0.18250905,99,c1_2,99,0.62892306
0.41152227,0.2798893,0.14480774,0.16378072,101,c1_2,101,0.6337474
0.43237957,0.28124464,0.13380724,0.1525686,103,c1_2,103,0.63572353
0.44453353,0.2810915,0.12836823,0.14600675,105,c1_2,105,0.6360798
0.4131098,0.2792491,0.13939324,0.16824785,107,c1_2,107,0.63723415
0.43271706,0.27388483,0.12975416,0.16364394,109,c1_2,109,0.63825583
0.4389453,0.2676251,0.13132364,0.16210605,111,c1_2,111,0.64094335
0.44927806,0.2679457,0.12607989,0.15669638,113,c1_2,113,0.64379734
0.4617623,0.2689353,0.122591995,0.14671044,115,c1_2,115,0.64444077
0.45438433,0.2677,0.12578022,0.15213549,117,c1_2,117,0.6458339
0.47216797,0.2666915,0.11824868,0.14289176,119,c1_2,119,0.6473318
0.48670828,0.2673473,0.113015324,0.13292907,121,c1_2,121,0.6486608
0.5023678,0.26865256,0.10593016,0.12304952,123,c1_2,123,0.64887655
0.5131328,0.2640479,0.10244749,0.120371796,125,c1_2,125,0.65048075
0.52349824,0.25916728,0.099449284,0.11788521,127,c1_2,127,0.650911
0.5162155,0.24856927,0.106762715,0.12845246,129,c1_2,129,0.65253913
0.52465874,0.25374463,0.10379935,0.11779729,131,c1_2,131,0.6527983
0.51523536,0.26146662,0.10701,0.116288,133,c1_2,133,0.6537433
0.53403026,0.2571067,0.098966055,0.109896995,135,c1_2,135,0.6544877
0.5218331,0.24657716,0.108001634,0.12358813,137,c1_2,137,0.6546019
0.54736346,0.24636444,0.097080596,0.10919148,139,c1_2,139,0.6558261
0.55095196,0.25164872,0.09602916,0.10137013,141,c1_2,141,0.6563691
0.5885649,0.24602345,0.08112667,0.08428495,143,c1_2,143,0.6581294
0.56964797,0.2541361,0.08500002,0.091215886,145,c1_2,145,0.6587085
0.6141954,0.23430493,0.07626463,0.07523498,147,c1_2,147,0.66010594
0.61199695,0.23741025,0.075858794,0.074734025,149,c1_2,149,0.66096044
0.547121,0.24530576,0.098005004,0.10956825,151,c1_2,151,0.6610741
0.5478507,0.2507539,0.0945656,0.10682976,153,c1_2,153,0.6635411
0.53177184,0.24649131,0.10242219,0.119314685,155,c1_2,155,0.66455066
0.5501121,0.24717687,0.09590451,0.106806464,157,c1_2,157,0.6666379
0.57469976,0.24829829,0.08511644,0.09188552,159,c1_2,159,0.6687522
0.59939015,0.23986343,0.075991884,0.08475449,161,c1_2,161,0.67162067
0.5971042,0.24530223,0.07446284,0.08313073,163,c1_2,163,0.6723641
0.5303633,0.26501268,0.0850646,0.11955934,165,c1_2,165,0.6725024
0.53182286,0.25197035,0.09463207,0.12157472,167,c1_2,167,0.6725976
0.5372613,0.2528715,0.09333902,0.11652814,169,c1_2,169,0.6735895
0.46730202,0.2682692,0.11603883,0.14838988,171,c1_2,171,0.6739024
0.4842655,0.2629527,0.10543037,0.14735146,173,c1_2,173,0.67446625
0.4817234,0.26044166,0.10653032,0.15130463,175,c1_2,175,0.67498314
0.4904506,0.25898322,0.10378356,0.14678256,177,c1_2,177,0.67538595
0.4509562,0.26210064,0.11628546,0.17065775,179,c1_2,179,0.67604
0.44287702,0.26809877,0.12292387,0.16610031,181,c1_2,181,0.6778044
0.41629127,0.26588222,0.1342241,0.18360238,183,c1_2,183,0.67798924
0.3602951,0.28057286,0.1504536,0.2086784,185,c1_2,185,0.6784632
0.23010404,0.29975843,0.20964444,0.2604931,187,c1_2,187,0.6786741
0.23777956,0.30380514,0.20272481,0.25569054,189,c1_2,189,0.679045
0.2349166,0.29942465,0.2105152,0.25514355,191,c1_2,191,0.6795744
0.2786044,0.2995429,0.19351542,0.22833732,193,c1_2,193,0.67991394
0.29331067,0.30546957,0.18695913,0.21426065,195,c1_2,195,0.6799602
0.17297766,0.3081223,0.26752594,0.25137407,197,c1_2,197,0.68091094
0.18429273,0.3107415,0.28067297,0.22429278,199,c1_2,199,0.68174076
0.21345778,0.31592184,0.28075,0.18987043,201,c1_2,201,0.68257344
0.21841373,0.32979438,0.2881034,0.1636885,203,c1_2,203,0.6828178
0.22981666,0.33009875,0.28823805,0.15184656,205,c1_2,205,0.68438023
0.123746626,0.295762,0.36589152,0.21459986,207,c1_2,207,0.6845103
0.122129165,0.28546998,0.37452966,0.21787126,209,c1_2,209,0.6851906
0.12761368,0.2936233,0.3752015,0.20356153,211,c1_2,211,0.68602294
0.13058369,0.29206905,0.36152893,0.21581838,213,c1_2,213,0.68695956
0.13281576,0.2903079,0.3724072,0.20446905,215,c1_2,215,0.6886268
0.1490839,0.30493528,0.3536486,0.19233222,217,c1_2,217,0.694205
0.16028558,0.30872154,0.34374502,0.18724789,219,c1_2,219,0.6982267
0.11747905,0.28804728,0.401041,0.19343266,221,c1_2,221,0.6985281
0.12227471,0.29539502,0.39364782,0.18868248,223,c1_2,223,0.69959027
0.12528445,0.29043773,0.4171028,0.167175,225,c1_2,225,0.700902
0.0923458,0.27967647,0.4503952,0.17758255,227,c1_2,227,0.70526797
0.08244813,0.2640842,0.46112597,0.19234172,229,c1_2,229,0.70622945
0.020913478,0.22790486,0.514598,0.23658372,231,c1_2,231,0.7083701
0.9546184,0.02182119,0.022370161,0.0011903292,1,c1_3,1,0.3250713
0.9426615,0.026965154,0.028744431,0.0016288762,3,c1_3,3,0.33379212
0.9330324,0.0320028,0.032953758,0.0020110807,5,c1_3,5,0.35966438
0.9059372,0.040575642,0.050062653,0.0034244843,7,c1_3,7,0.36385068
0.85906535,0.053749543,0.08194984,0.0052353395,9,c1_3,9,0.3746114
0.85057265,0.05989329,0.08342714,0.0061068563,11,c1_3,11,0.38257623
0.80401254,0.07906776,0.10659131,0.010328383,13,c1_3,13,0.38689575
0.6922627,0.12620386,0.15602805,0.025505407,15,c1_3,15,0.39932215
0.7116136,0.11797841,0.1471676,0.023240393,17,c1_3,17,0.40493307
0.680804,0.13325596,0.15672,0.029220078,19,c1_3,19,0.40907484
0.61046076,0.16737852,0.1755179,0.04664284,21,c1_3,21,0.41316986
0.57920414,0.17434415,0.19225335,0.054198388,23,c1_3,23,0.4179559
0.57185733,0.14884509,0.2309161,0.048381507,25,c1_3,25,0.4212921
0.51398206,0.1788823,0.24130425,0.065831296,27,c1_3,27,0.42743686
0.40929678,0.22988458,0.23866396,0.122154646,29,c1_3,29,0.42836356
0.33626774,0.24181624,0.25767735,0.16423865,31,c1_3,31,0.43130544
0.35059077,0.23691711,0.25083613,0.16165595,33,c1_3,33,0.4334783
0.29550645,0.23536344,0.27222934,0.19690076,35,c1_3,35,0.44602007
0.28757155,0.24413992,0.26085636,0.20743209,37,c1_3,37,0.44781584
0.29178107,0.24618158,0.26022184,0.20181556,39,c1_3,39,0.45465595
0.30052575,0.24794455,0.25088936,0.20064037,41,c1_3,41,0.4676976
0.31133583,0.2520693,0.2432789,0.19331591,43,c1_3,43,0.47799823
0.33546662,0.26324466,0.21408406,0.18720464,45,c1_3,45,0.47922197
0.34714344,0.2600184,0.2073005,0.18553767,47,c1_3,47,0.49376398
0.3307994,0.2545585,0.22070503,0.19393706,49,c1_3,49,0.49827123
0.3349334,0.2597017,0.21252555,0.19283935,51,c1_3,51,0.50393045
0.33933085,0.25973788,0.20639753,0.19453372,53,c1_3,53,0.5204292
0.36184537,0.26979193,0.18415986,0.18420279,55,c1_3,55,0.5226173
0.38741773,0.27785566,0.16115747,0.17356919,57,c1_3,57,0.5269752
0.3793433,0.28123122,0.15871972,0.18070574,59,c1_3,59,0.5275566
0.38372055,0.2798803,0.15623309,0.18016604,61,c1_3,61,0.5311333
0.380425,0.27976933,0.1553155,0.18449017,63,c1_3,63,0.5362405
0.29840702,0.26664722,0.19489203,0.24005373,65,c1_3,65,0.5437371
0.3148495,0.26448798,0.1844094,0.23625317,67,c1_3,67,0.54746187
0.3128473,0.26840895,0.17718288,0.24156085,69,c1_3,69,0.5632145
0.3480703,0.27386573,0.15312424,0.2249397,71,c1_3,71,0.56884885
0.3683428,0.279667,0.14325087,0.2087393,73,c1_3,73,0.5726982
0.39185283,0.2900485,0.12664983,0.19144878,75,c1_3,75,0.5749665
0.366791,0.2733224,0.14974447,0.2101421,77,c1_3,77,0.5798603
0.36953634,0.27954537,0.14576307,0.20515527,79,c1_3,79,0.58516747
0.38302746,0.2822074,0.13792858,0.19683655,81,c1_3,81,0.5877568
0.40090767,0.28511077,0.1273796,0.18660203,83,c1_3,83,0.5957076
0.41735572,0.29048455,0.11598528,0.17617443,85,c1_3,85,0.59877026
0.43473968,0.29326347,0.10806091,0.16393602,87,c1_3,87,0.6013746
0.41027454,0.2801571,0.12706754,0.18250082,89,c1_3,89,0.6078696
0.4201779,0.27873608,0.121370636,0.17971535,91,c1_3,91,0.6182356
0.4073036,0.28104955,0.12778996,0.1838569,93,c1_3,93,0.6228127
0.4127442,0.2827481,0.121548645,0.18295906,95,c1_3,95,0.6256511
0.43233144,0.27926135,0.11556801,0.17283924,97,c1_3,97,0.6280718
0.4462291,0.28401494,0.10579885,0.16395715,99,c1_3,99,0.62892306
0.47502086,0.28653032,0.094761595,0.1436872,101,c1_3,101,0.6337474
0.5051884,0.2865618,0.08309918,0.12515068,103,c1_3,103,0.63572353
0.5087115,0.286242,0.07684803,0.12819844,105,c1_3,105,0.6360798
0.45045716,0.28569648,0.09827797,0.16556834,107,c1_3,107,0.63723415
0.4617273,0.28522032,0.0929354,0.160117,109,c1_3,109,0.63825583
0.45513585,0.2896039,0.09855189,0.15670842,111,c1_3,111,0.64094335
0.48958808,0.2852005,0.08435762,0.14085385,113,c1_3,113,0.64379734
0.49662092,0.28285939,0.08585706,0.13466267,115,c1_3,115,0.64444077
0.50745314,0.27736259,0.08032079,0.13486353,117,c1_3,117,0.6458339
0.5249193,0.27421597,0.07878045,0.12208437,119,c1_3,119,0.6473318
0.55029446,0.26754624,0.07384068,0.10831864,121,c1_3,121,0.6486608
0.58606267,0.2616343,0.062242024,0.09006102,123,c1_3,123,0.64887655
0.56844383,0.26486036,0.064201616,0.102494165,125,c1_3,125,0.65048075
0.59038,0.25887764,0.058834717,0.0919076,127,c1_3,127,0.650911
0.56116575,0.263287,0.06930265,0.10624459,129,c1_3,129,0.65253913
0.5783658,0.26008856,0.06466354,0.09688214,131,c1_3,131,0.6527983
0.5923628,0.25493345,0.061338615,0.0913651,133,c1_3,133,0.6537433
0.60367537,0.25031784,0.058439035,0.08756778,135,c1_3,135,0.6544877
0.56343526,0.2608255,0.07206233,0.10367685,137,c1_3,137,0.6546019
0.58618075,0.25669786,0.065601066,0.09152035,139,c1_3,139,0.6558261
0.6131828,0.24890505,0.058265693,0.07964643,141,c1_3,141,0.6563691
0.6514367,0.23857336,0.045867078,0.0641229,143,c1_3,143,0.6581294
0.6382603,0.24184017,0.048122402,0.07177712,145,c1_3,145,0.6587085
0.66673994,0.23039417,0.04290929,0.059956554,147,c1_3,147,0.66010594
0.68260837,0.22453941,0.040050384,0.052801862,149,c1_3,149,0.66096044
0.62977666,0.24103807,0.052108333,0.07707701,151,c1_3,151,0.6610741
0.62221235,0.24520166,0.055113196,0.07747277,153,c1_3,153,0.6635411
0.6180641,0.24628091,0.057265837,0.07838915,155,c1_3,155,0.66455066
0.6499801,0.24233805,0.04483862,0.06284314,157,c1_3,157,0.6666379
0.66834414,0.23420185,0.042779673,0.05467432,159,c1_3,159,0.6687522
0.6841895,0.22974922,0.0377584,0.04830282,161,c1_3,161,0.67162067
0.6676233,0.24154548,0.038157556,0.052673712,163,c1_3,163,0.6723641
0.64247036,0.24703047,0.043606903,0.06689221,165,c1_3,165,0.6725024
0.6801564,0.2236043,0.039549258,0.056690067,167,c1_3,167,0.6725976
0.6863203,0.22893357,0.034272328,0.050473828,169,c1_3,169,0.6735895
0.6149107,0.26164535,0.05046907,0.07297492,171,c1_3,171,0.6739024
0.61584044,0.2632324,0.048107833,0.07281933,173,c1_3,173,0.67446625
0.6044321,0.26735038,0.048856854,0.07936064,175,c1_3,175,0.67498314
0.6053113,0.27001342,0.048207425,0.07646789,177,c1_3,177,0.67538595
0.57416344,0.28553632,0.051029667,0.08927056,179,c1_3,179,0.67604
0.56756353,0.29441097,0.05429477,0.08373079,181,c1_3,181,0.6778044
0.5644802,0.29886746,0.05172823,0.08492408,183,c1_3,183,0.67798924
0.48694542,0.3312594,0.0688198,0.112975396,185,c1_3,185,0.6784632
0.38628334,0.36619654,0.09587691,0.15164313,187,c1_3,187,0.6786741
0.38592422,0.36671916,0.09470193,0.15265475,189,c1_3,189,0.679045
0.40255868,0.34297338,0.09432475,0.16014315,191,c1_3,191,0.6795744
0.43839496,0.32529077,0.095616266,0.14069796,193,c1_3,193,0.67991394
0.4735643,0.32601064,0.07861599,0.12180902,195,c1_3,195,0.6799602
0.36675736,0.35760006,0.11986935,0.15577316,197,c1_3,197,0.68091094
0.40375873,0.3408986,0.11198251,0.14336017,199,c1_3,199,0.68174076
0.42793277,0.3288549,0.112763196,0.13044913,201,c1_3,201,0.68257344
0.4393166,0.32977825,0.10784907,0.12305603,203,c1_3,203,0.6828178
0.46149552,0.32430127,0.09860965,0.11559351,205,c1_3,205,0.68438023
0.38179326,0.3483414,0.12863074,0.14123458,207,c1_3,207,0.6845103
0.33066463,0.36007398,0.14133579,0.16792566,209,c1_3,209,0.6851906
0.33701637,0.35812926,0.1423637,0.16249062,211,c1_3,211,0.68602294
0.35614038,0.34804767,0.13534679,0.16046515,213,c1_3,213,0.68695956
0.37421465,0.3541702,0.12509722,0.1465179,215,c1_3,215,0.6886268
0.41194144,0.34825796,0.11169028,0.1281103,217,c1_3,217,0.694205
0.41877687,0.351392,0.106153026,0.12367809,219,c1_3,219,0.6982267
0.33125827,0.37127244,0.14931998,0.14814927,221,c1_3,221,0.6985281
0.3161278,0.37870917,0.15027225,0.15489076,223,c1_3,223,0.69959027
0.3572719,0.36467516,0.1393598,0.13869308,225,c1_3,225,0.700902
0.31506798,0.38008395,0.14742556,0.15742245,227,c1_3,227,0.70526797
0.30377927,0.38276866,0.15325841,0.16019362,229,c1_3,229,0.70622945
0.11558728,0.39210021,0.26453322,0.22777927,231,c1_3,231,0.7083701
0.5158355,0.25298676,0.10831432,0.122863404,1,c1_4,1,0.3250713
0.4930346,0.24222775,0.121389344,0.14334837,3,c1_4,3,0.33379212
0.44952974,0.24264671,0.15153962,0.156284,5,c1_4,5,0.35966438
0.43643573,0.23444813,0.16905075,0.16006534,7,c1_4,7,0.36385068
0.43488464,0.23881152,0.1585367,0.16776715,9,c1_4,9,0.3746114
0.4508502,0.23319374,0.14066896,0.1752871,11,c1_4,11,0.38257623
0.43938297,0.23372695,0.14208645,0.18480365,13,c1_4,13,0.38689575
0.4240323,0.23707622,0.14668104,0.19221048,15,c1_4,15,0.39932215
0.42812485,0.24202456,0.13358326,0.19626734,17,c1_4,17,0.40493307
0.3745199,0.25014532,0.15684906,0.21848565,19,c1_4,19,0.40907484
0.36779654,0.25006884,0.16207372,0.22006086,21,c1_4,21,0.41316986
0.35471457,0.25188446,0.16388139,0.22951959,23,c1_4,23,0.4179559
0.25229043,0.29273674,0.20873821,0.24623458,25,c1_4,25,0.4212921
0.2293975,0.2938526,0.19669397,0.28005588,27,c1_4,27,0.42743686
0.22747199,0.28865892,0.200237,0.28363207,29,c1_4,29,0.42836356
0.268278,0.26882884,0.19938776,0.26350534,31,c1_4,31,0.43130544
0.27594557,0.28067455,0.17514598,0.2682338,33,c1_4,33,0.4334783
0.2977454,0.26876625,0.18032663,0.25316173,35,c1_4,35,0.44602007
0.31794605,0.26257235,0.17872381,0.24075781,37,c1_4,37,0.44781584
0.33843312,0.259677,0.18097916,0.22091071,39,c1_4,39,0.45465595
0.35345182,0.25827,0.17480457,0.21347348,41,c1_4,41,0.4676976
0.35317028,0.25257257,0.1878757,0.20638148,43,c1_4,43,0.47799823
0.37763485,0.2567503,0.17026182,0.19535299,45,c1_4,45,0.47922197
0.39056942,0.25605658,0.16204926,0.1913247,47,c1_4,47,0.49376398
0.40352413,0.25735986,0.15091674,0.18819919,49,c1_4,49,0.49827123
0.39808497,0.25908145,0.15715095,0.18568262,51,c1_4,51,0.50393045
0.39603585,0.25818038,0.15739337,0.18839034,53,c1_4,53,0.5204292
0.4015051,0.2594239,0.15717591,0.18189502,55,c1_4,55,0.5226173
0.4084737,0.25963432,0.15634495,0.17554705,57,c1_4,57,0.5269752
0.41318047,0.26589492,0.14889076,0.17203382,59,c1_4,59,0.5275566
0.4296262,0.26711527,0.14042783,0.16283073,61,c1_4,61,0.5311333
0.43114358,0.26794708,0.13832077,0.16258855,63,c1_4,63,0.5362405
0.35960525,0.26655054,0.14775404,0.22609015,65,c1_4,65,0.5437371
0.35401878,0.26658323,0.15428177,0.22511624,67,c1_4,67,0.54746187
0.34962013,0.26269612,0.15844525,0.22923854,69,c1_4,69,0.5632145
0.35558605,0.26427913,0.15728696,0.2228478,71,c1_4,71,0.56884885
0.36007082,0.2691227,0.15725684,0.21354964,73,c1_4,73,0.5726982
0.36237296,0.27125505,0.15696526,0.20940672,75,c1_4,75,0.5749665
0.34346214,0.27357507,0.16406178,0.218901,77,c1_4,77,0.5798603
0.35352322,0.2775343,0.1600484,0.20889404,79,c1_4,79,0.58516747
0.35932866,0.2800868,0.15815638,0.20242818,81,c1_4,81,0.5877568
0.36621323,0.27884364,0.15615764,0.19878541,83,c1_4,83,0.5957076
0.3816019,0.28231713,0.14767992,0.18840107,85,c1_4,85,0.59877026
0.40260524,0.28629255,0.13664514,0.17445709,87,c1_4,87,0.6013746
0.3922833,0.27779093,0.14553384,0.18439192,89,c1_4,89,0.6078696
0.40594032,0.2765596,0.14131491,0.17618525,91,c1_4,91,0.6182356
0.4055771,0.2790852,0.13756478,0.17777286,93,c1_4,93,0.6228127
0.408534,0.28152883,0.13338637,0.17655078,95,c1_4,95,0.6256511
0.4078759,0.27445734,0.13864367,0.17902313,97,c1_4,97,0.6280718
0.41684124,0.27074262,0.13806209,0.17435403,99,c1_4,99,0.62892306
0.4376725,0.27091494,0.12892064,0.1624919,101,c1_4,101,0.6337474
0.45699552,0.2680772,0.12077153,0.15415567,103,c1_4,103,0.63572353
0.4727729,0.27217424,0.10967529,0.14537753,105,c1_4,105,0.6360798
0.4368233,0.2746381,0.120622136,0.1679165,107,c1_4,107,0.63723415
0.45542842,0.27165264,0.11371864,0.1592003,109,c1_4,109,0.63825583
0.4519937,0.26076034,0.12346608,0.16377985,111,c1_4,111,0.64094335
0.44680375,0.26471508,0.124056526,0.16442472,113,c1_4,113,0.64379734
0.43418947,0.2698969,0.12828739,0.16762629,115,c1_4,115,0.64444077
0.4332113,0.2736924,0.12725452,0.16584171,117,c1_4,117,0.6458339
0.44504082,0.27397025,0.12156728,0.15942167,119,c1_4,119,0.6473318
0.45080876,0.27438146,0.11911815,0.1556916,121,c1_4,121,0.6486608
0.46882856,0.27300817,0.1106115,0.14755177,123,c1_4,123,0.64887655
0.4597598,0.27799368,0.10975312,0.15249348,125,c1_4,125,0.65048075
0.4729424,0.27304718,0.10650606,0.14750436,127,c1_4,127,0.650911
0.46120614,0.27119374,0.11480342,0.15279672,129,c1_4,129,0.65253913
0.47071,0.27914095,0.10552847,0.14462061,131,c1_4,131,0.6527983
0.4785317,0.2836997,0.10036147,0.13740721,133,c1_4,133,0.6537433
0.47891155,0.28018793,0.102787204,0.13811329,135,c1_4,135,0.6544877
0.48225802,0.27892658,0.10369153,0.13512388,137,c1_4,137,0.6546019
0.4991155,0.2813614,0.09472891,0.12479419,139,c1_4,139,0.6558261
0.50971484,0.28111812,0.09046213,0.118704915,141,c1_4,141,0.6563691
0.5541108,0.26892617,0.075181976,0.101781085,143,c1_4,143,0.6581294
0.576947,0.26831773,0.061823837,0.09291144,145,c1_4,145,0.6587085
0.5906279,0.2570779,0.062563546,0.08973069,147,c1_4,147,0.66010594
0.5728595,0.25561523,0.072501086,0.09902412,149,c1_4,149,0.66096044
0.57709235,0.2580487,0.063846655,0.10101228,151,c1_4,151,0.6610741
0.5629682,0.25418237,0.07317786,0.10967158,153,c1_4,153,0.6635411
0.5253228,0.26134223,0.0899332,0.12340178,155,c1_4,155,0.66455066
0.5249705,0.27212918,0.0860771,0.1168233,157,c1_4,157,0.6666379
0.5275089,0.28091753,0.07970693,0.111866705,159,c1_4,159,0.6687522
0.53477126,0.28515437,0.07125527,0.10881916,161,c1_4,161,0.67162067
0.5370058,0.29660016,0.06072646,0.10566752,163,c1_4,163,0.6723641
0.5449591,0.2963335,0.054049805,0.104657546,165,c1_4,165,0.6725024
0.5072385,0.30700088,0.06508073,0.12067991,167,c1_4,167,0.6725976
0.5000356,0.30387884,0.06933477,0.12675086,169,c1_4,169,0.6735895
0.47504345,0.32532904,0.064508215,0.13511929,171,c1_4,171,0.6739024
0.5056357,0.3139996,0.059160396,0.121204264,173,c1_4,173,0.67446625
0.4999771,0.31466466,0.061037563,0.12432066,175,c1_4,175,0.67498314
0.5180383,0.30763075,0.05830542,0.116025634,177,c1_4,177,0.67538595
0.5192441,0.30687305,0.05806211,0.11582075,179,c1_4,179,0.67604
0.46140903,0.32197008,0.07311768,0.14350325,181,c1_4,181,0.6778044
0.46089748,0.3145175,0.07624336,0.14834166,183,c1_4,183,0.67798924
0.39592838,0.34648046,0.084713526,0.17287767,185,c1_4,185,0.6784632
0.16255996,0.43607014,0.120555066,0.2808149,187,c1_4,187,0.6786741
0.18662852,0.4265463,0.11835717,0.268468,189,c1_4,189,0.679045
0.28395268,0.36793897,0.10993742,0.2381709,191,c1_4,191,0.6795744
0.31352866,0.3693056,0.10121566,0.21595007,193,c1_4,193,0.67991394
0.32547367,0.38491854,0.0916655,0.19794226,195,c1_4,195,0.6799602
0.1116507,0.56677413,0.10675516,0.21481995,197,c1_4,197,0.68091094
0.14165853,0.5616167,0.1018764,0.19484833,199,c1_4,199,0.68174076
0.19396405,0.54453385,0.08604316,0.17545892,201,c1_4,201,0.68257344
0.15404238,0.6079437,0.07362901,0.16438484,203,c1_4,203,0.6828178
0.27030957,0.5154782,0.07348929,0.14072295,205,c1_4,205,0.68438023
0.11618408,0.6520342,0.06982149,0.16196023,207,c1_4,207,0.6845103
0.17683333,0.5538199,0.09406337,0.17528345,209,c1_4,209,0.6851906
0.19662854,0.55055004,0.08440305,0.16841839,211,c1_4,211,0.68602294
0.24698831,0.49289966,0.0959035,0.16420858,213,c1_4,213,0.68695956
0.24364285,0.51081467,0.09062969,0.15491274,215,c1_4,215,0.6886268
0.31681332,0.45524123,0.08775853,0.140187,217,c1_4,217,0.694205
0.31686768,0.45394576,0.087125115,0.1420615,219,c1_4,219,0.6982267
0.123560615,0.6411306,0.08844493,0.14686383,221,c1_4,221,0.6985281
0.19799417,0.5391724,0.10220311,0.16063023,223,c1_4,223,0.69959027
0.15934978,0.6126628,0.0844947,0.14349274,225,c1_4,225,0.700902
0.21201593,0.5131993,0.11509831,0.15968646,227,c1_4,227,0.70526797
0.21172799,0.49631795,0.12506016,0.16689393,229,c1_4,229,0.70622945
0.03688346,0.5850561,0.16664848,0.2114119,231,c1_4,231,0.7083701
0.70176923,0.22832377,0.009246372,0.060660604,1,c2_0,1,0.3250713
0.75851697,0.15188172,0.016859315,0.072741985,3,c2_0,3,0.33379212
0.91389453,0.055168267,0.009272501,0.021664662,5,c2_0,5,0.35966438
0.946284,0.03459463,0.0037593883,0.015361996,7,c2_0,7,0.36385068
0.94623905,0.03473477,0.0037282147,0.015297944,9,c2_0,9,0.3746114
0.96702486,0.013223059,0.004231578,0.015520538,11,c2_0,11,0.38257623
0.9528074,0.019934041,0.0060369326,0.021221574,13,c2_0,13,0.38689575
0.9686035,0.016377639,0.0018741597,0.013144638,15,c2_0,15,0.39932215
0.863714,0.044595595,0.017173138,0.07451729,17,c2_0,17,0.40493307
0.24144794,0.12206618,0.15645961,0.48002627,19,c2_0,19,0.40907484
0.11643259,0.067053385,0.13355765,0.6829564,21,c2_0,21,0.41316986
0.15091132,0.06719513,0.09783406,0.6840595,23,c2_0,23,0.4179559
0.007448543,0.045337263,0.2902793,0.656935,25,c2_0,25,0.4212921
0.008845873,0.059256423,0.3909672,0.54093057,27,c2_0,27,0.42743686
0.0073920805,0.030736146,0.24787928,0.7139924,29,c2_0,29,0.42836356
0.016318273,0.05339495,0.15948842,0.7707984,31,c2_0,31,0.43130544
0.02347405,0.087960646,0.11283118,0.7757341,33,c2_0,33,0.4334783
0.10505498,0.14210019,0.06848427,0.6843605,35,c2_0,35,0.44602007
0.3205024,0.18618315,0.029533865,0.46378052,37,c2_0,37,0.44781584
0.35713807,0.29375488,0.011131965,0.33797514,39,c2_0,39,0.45465595
0.7272914,0.083594434,0.00594234,0.18317178,41,c2_0,41,0.4676976
0.8155751,0.05614775,0.0033242756,0.124952815,43,c2_0,43,0.47799823
0.9411728,0.019814437,0.001494652,0.037518147,45,c2_0,45,0.47922197
0.9695897,0.016141253,0.00091952283,0.013349542,47,c2_0,47,0.49376398
0.96702677,0.013866221,0.0021920316,0.016915074,49,c2_0,49,0.49827123
0.9821164,0.008628701,0.0010459615,0.008208833,51,c2_0,51,0.50393045
0.9885485,0.006137402,0.0006885058,0.004625516,53,c2_0,53,0.5204292
0.9887638,0.0064681536,0.00092186953,0.0038462442,55,c2_0,55,0.5226173
0.99249107,0.0043653133,0.0006485954,0.0024949994,57,c2_0,57,0.5269752
0.9960173,0.002881237,0.00026090984,0.00084058836,59,c2_0,59,0.5275566
0.99747306,0.0019046712,0.00016052643,0.00046170608,61,c2_0,61,0.5311333
0.9975286,0.0020599687,9.586416e-05,0.00031558232,63,c2_0,63,0.5362405
0.80600333,0.16949826,0.009243377,0.015255005,65,c2_0,65,0.5437371
0.9602659,0.029219847,0.002623206,0.00789107,67,c2_0,67,0.54746187
0.9704084,0.02069185,0.0015019439,0.00739776,69,c2_0,69,0.5632145
0.9760651,0.017317194,0.00060483284,0.0060129296,71,c2_0,71,0.56884885
0.990424,0.006392484,0.00030284317,0.0028805693,73,c2_0,73,0.5726982
0.9937092,0.004250522,0.00018861206,0.0018516015,75,c2_0,75,0.5749665
0.9789621,0.010940938,0.001222279,0.008874605,77,c2_0,77,0.5798603
0.9941123,0.0037187333,0.00023029245,0.0019386781,79,c2_0,79,0.58516747
0.9971284,0.001946782,6.835728e-05,0.0008564571,81,c2_0,81,0.5877568
0.99711835,0.0019738604,6.339563e-05,0.000844433,83,c2_0,83,0.5957076
0.9984981,0.0011685994,2.7785894e-05,0.0003054588,85,c2_0,85,0.59877026
0.99910235,0.0007178593,1.3555335e-05,0.00016634158,87,c2_0,87,0.6013746
0.99879646,0.00092502276,2.5625539e-05,0.00025288944,89,c2_0,89,0.6078696
0.9991547,0.0006980923,1.4774231e-05,0.00013246069,91,c2_0,91,0.6182356
0.9991478,0.0007323702,1.1594014e-05,0.000108286964,93,c2_0,93,0.6228127
0.999361,0.0005343312,9.18148e-06,9.551496e-05,95,c2_0,95,0.6256511
0.99945396,0.0004710564,9.562807e-06,6.536413e-05,97,c2_0,97,0.6280718
0.99955946,0.00038142808,4.2686825e-06,5.487721e-05,99,c2_0,99,0.62892306
0.9997197,0.00023648574,3.586188e-06,4.0321313e-05,101,c2_0,101,0.6337474
0.9997373,0.00022592446,2.779655e-06,3.398568e-05,103,c2_0,103,0.63572353
0.9996921,0.00027116327,3.2183627e-06,3.3593664e-05,105,c2_0,105,0.6360798
0.9993555,0.0005867992,5.160424e-06,5.2557018e-05,107,c2_0,107,0.63723415
0.9995772,0.00037427296,3.10856e-06,4.5412427e-05,109,c2_0,109,0.63825583
0.9996494,0.00030810107,4.0675272e-06,3.847741e-05,111,c2_0,111,0.64094335
0.9996828,0.0002858857,2.4010867e-06,2.8947901e-05,113,c2_0,113,0.64379734
0.99975485,0.00021861302,2.6208154e-06,2.3900615e-05,115,c2_0,115,0.64444077
0.9996841,0.00028843898,3.2312937e-06,2.4326493e-05,117,c2_0,117,0.6458339
0.99974626,0.00022922992,2.5318834e-06,2.206947e-05,119,c2_0,119,0.6473318
0.9997876,0.00019064664,2.1598005e-06,1.9506599e-05,121,c2_0,121,0.6486608
0.99982125,0.00016042596,1.4461826e-06,1.6876149e-05,123,c2_0,123,0.64887655
0.999762,0.00021607711,2.2327379e-06,1.9695568e-05,125,c2_0,125,0.65048075
0.9997818,0.00019969365,2.0694197e-06,1.6450218e-05,127,c2_0,127,0.650911
0.9997131,0.0002566348,2.3898672e-06,2.7875529e-05,129,c2_0,129,0.65253913
0.9998235,0.00016006536,1.5371418e-06,1.4941995e-05,131,c2_0,131,0.6527983
0.9998647,0.0001191601,1.2532108e-06,1.4831106e-05,133,c2_0,133,0.6537433
0.9998585,0.00012732904,1.3392106e-06,1.2810606e-05,135,c2_0,135,0.6544877
0.99982065,0.00015951357,1.5927202e-06,1.8294679e-05,137,c2_0,137,0.6546019
0.999881,0.000104088635,1.0263068e-06,1.3885858e-05,139,c2_0,139,0.6558261
0.99990284,8.449893e-05,8.805145e-07,1.1710584e-05,141,c2_0,141,0.6563691
0.9999076,8.162167e-05,5.7486756e-07,1.0196809e-05,143,c2_0,143,0.6581294
0.9999093,7.9058904e-05,5.315793e-07,1.1160853e-05,145,c2_0,145,0.6587085
0.9998983,9.089498e-05,1.0048077e-06,9.693615e-06,147,c2_0,147,0.66010594
0.99990165,9.049025e-05,5.6496697e-07,7.2857442e-06,149,c2_0,149,0.66096044
0.9997998,0.00018263557,1.2145238e-06,1.639931e-05,151,c2_0,151,0.6610741
0.99979264,0.00018779105,2.3741752e-06,1.7212005e-05,153,c2_0,153,0.6635411
0.9997732,0.00020855988,1.3895772e-06,1.6885884e-05,155,c2_0,155,0.66455066
0.9998683,0.00011877579,9.497813e-07,1.2070487e-05,157,c2_0,157,0.6666379
0.999884,0.000101717975,1.140856e-06,1.3171879e-05,159,c2_0,159,0.6687522
0.99977905,0.00019118721,1.788092e-06,2.7966305e-05,161,c2_0,161,0.67162067
0.9998723,0.00011753576,9.197683e-07,9.2191685e-06,163,c2_0,163,0.6723641
0.99988735,0.00010376915,6.0212045e-07,8.170074e-06,165,c2_0,165,0.6725024
0.99985826,0.00013140932,1.5870911e-06,8.7625385e-06,167,c2_0,167,0.6725976
0.99981195,0.00017470185,9.747855e-07,1.2377168e-05,169,c2_0,169,0.6735895
0.9997577,0.00022910861,1.1357349e-06,1.209186e-05,171,c2_0,171,0.6739024
0.9998092,0.00017838948,9.540527e-07,1.14096065e-05,173,c2_0,173,0.67446625
0.9997702,0.00021761542,9.1094967e-07,1.1282103e-05,175,c2_0,175,0.67498314
0.99981385,0.0001751476,5.057535e-07,1.048886e-05,177,c2_0,177,0.67538595
0.99976486,0.00021724476,5.701863e-07,1.728054e-05,179,c2_0,179,0.67604
0.9997657,0.0002146511,1.745825e-06,1.7940236e-05,181,c2_0,181,0.6778044
0.99971277,0.00027155396,1.0096031e-06,1.4586052e-05,183,c2_0,183,0.67798924
0.9994117,0.0005340843,2.6254684e-06,5.1560084e-05,185,c2_0,185,0.6784632
0.99035114,0.008990262,0.00010218067,0.0005563067,187,c2_0,187,0.6786741
0.9953335,0.004377912,4.8341128e-05,0.00024023672,189,c2_0,189,0.679045
0.99593097,0.0039270646,1.1335452e-05,0.00013065446,191,c2_0,191,0.6795744
0.9984127,0.0015206062,4.625912e-06,6.205135e-05,193,c2_0,193,0.67991394
0.99842465,0.0015027745,3.3799947e-06,6.9272515e-05,195,c2_0,195,0.6799602
0.83987015,0.15569665,0.00038905372,0.0040441896,197,c2_0,197,0.68091094
0.97486126,0.024472332,7.3342984e-05,0.0005929623,199,c2_0,199,0.68174076
0.9914465,0.008352101,1.4320866e-05,0.00018708693,201,c2_0,201,0.68257344
0.9950228,0.0048131715,8.8269335e-06,0.0001552098,203,c2_0,203,0.6828178
0.997973,0.0019754532,3.1624813e-06,4.834745e-05,205,c2_0,205,0.68438023
0.99533516,0.0044525093,2.3652692e-05,0.00018875969,207,c2_0,207,0.6845103
0.99704367,0.002907748,4.2502666e-06,4.432733e-05,209,c2_0,209,0.6851906
0.9988096,0.0011530435,2.0472498e-06,3.533131e-05,211,c2_0,211,0.68602294
0.99876034,0.0012070556,2.037768e-06,3.0585576e-05,213,c2_0,213,0.68695956
0.99943787,0.0005399752,1.0489111e-06,2.1126049e-05,215,c2_0,215,0.6886268
0.9996457,0.00033856864,8.421015e-07,1.485849e-05,217,c2_0,217,0.694205
0.9996075,0.0003775477,6.852788e-07,1.4355201e-05,219,c2_0,219,0.6982267
0.9985337,0.0013995836,8.705582e-06,5.7965335e-05,221,c2_0,221,0.6985281
0.998389,0.0015574647,7.4016957e-06,4.6121444e-05,223,c2_0,223,0.69959027
0.9987889,0.0011697455,3.7642628e-06,3.7634825e-05,225,c2_0,225,0.700902
0.9973149,0.0025909843,4.5542088e-06,8.956188e-05,227,c2_0,227,0.70526797
0.99051243,0.009184983,1.0387903e-05,0.00029222234,229,c2_0,229,0.70622945
0.6676208,0.32037592,0.00350228,0.008501055,231,c2_0,231,0.7083701
0.9548909,0.003942136,0.014484692,0.026682211,1,c2_1,1,0.3250713
0.97241396,0.001765129,0.007290493,0.018530384,3,c2_1,3,0.33379212
0.9806153,0.0018200424,0.004597621,0.012967091,5,c2_1,5,0.35966438
0.9788256,0.0032097162,0.0049138567,0.013050696,7,c2_1,7,0.36385068
0.983584,0.003631228,0.0038138889,0.008971012,9,c2_1,9,0.3746114
0.97738934,0.0065523107,0.0055188593,0.010539578,11,c2_1,11,0.38257623
0.9742207,0.007095282,0.0067491177,0.011934824,13,c2_1,13,0.38689575
0.98158216,0.0052224835,0.004585836,0.00860952,15,c2_1,15,0.39932215
0.921788,0.017284216,0.029651836,0.031275935,17,c2_1,17,0.40493307
0.5777538,0.065277986,0.2637257,0.09324247,19,c2_1,19,0.40907484
0.5463581,0.04210846,0.29652557,0.11500782,21,c2_1,21,0.41316986
0.80215883,0.02933225,0.106854156,0.06165477,23,c2_1,23,0.4179559
0.021593073,0.03380788,0.8493888,0.095210254,25,c2_1,25,0.4212921
0.15596828,0.06721349,0.56958777,0.20723042,27,c2_1,27,0.42743686
0.06007203,0.049891178,0.4162825,0.47375423,29,c2_1,29,0.42836356
0.53419226,0.06435872,0.08295903,0.31848994,31,c2_1,31,0.43130544
0.4953688,0.101943895,0.043810442,0.35887685,33,c2_1,33,0.4334783
0.6280704,0.10907045,0.01873784,0.24412134,35,c2_1,35,0.44602007
0.66774243,0.113889165,0.013343785,0.20502456,37,c2_1,37,0.44781584
0.64295155,0.13316642,0.013459021,0.21042308,39,c2_1,39,0.45465595
0.8516854,0.046075508,0.004806152,0.09743296,41,c2_1,41,0.4676976
0.79324853,0.06350002,0.005782299,0.13746913,43,c2_1,43,0.47799823
0.95795107,0.015164743,0.0009853762,0.025898779,45,c2_1,45,0.47922197
0.98582804,0.010042311,0.00017494435,0.003954708,47,c2_1,47,0.49376398
0.9555528,0.02533071,0.0008789915,0.018237479,49,c2_1,49,0.49827123
0.96536934,0.02124984,0.0006695293,0.012711281,51,c2_1,51,0.50393045
0.98637927,0.01056754,0.00025958894,0.0027936257,53,c2_1,53,0.5204292
0.99213773,0.0063231196,0.00017527332,0.0013638218,55,c2_1,55,0.5226173
0.9955081,0.003479159,0.00014673447,0.0008660584,57,c2_1,57,0.5269752
0.99466866,0.0041194754,0.0001595607,0.0010523022,59,c2_1,59,0.5275566
0.99564385,0.0033624715,0.00015334893,0.00084031845,61,c2_1,61,0.5311333
0.99663347,0.0025579168,0.00013115974,0.0006774932,63,c2_1,63,0.5362405
0.8655679,0.12238198,0.0025731968,0.009476921,65,c2_1,65,0.5437371
0.9463658,0.044861298,0.002232453,0.006540434,67,c2_1,67,0.54746187
0.9699561,0.024886716,0.0012496725,0.0039075715,69,c2_1,69,0.5632145
0.95186615,0.035733674,0.002471034,0.009929145,71,c2_1,71,0.56884885
0.98555446,0.011031203,0.0007500789,0.0026642382,73,c2_1,73,0.5726982
0.99244386,0.0064981985,0.00026939317,0.000788486,75,c2_1,75,0.5749665
0.9012089,0.060010698,0.009588549,0.029191893,77,c2_1,77,0.5798603
0.9766333,0.01865295,0.0012319844,0.0034817336,79,c2_1,79,0.58516747
0.98580045,0.011776194,0.0006101813,0.0018130918,81,c2_1,81,0.5877568
0.98474854,0.012443628,0.00077191513,0.0020359405,83,c2_1,83,0.5957076
0.9930233,0.006124187,0.00023396782,0.0006185849,85,c2_1,85,0.59877026
0.9959221,0.0034694194,0.00015935823,0.0004490807,87,c2_1,87,0.6013746
0.9923706,0.006202319,0.000416266,0.0010107724,89,c2_1,89,0.6078696
0.99409866,0.0048235664,0.0003119025,0.00076586433,91,c2_1,91,0.6182356
0.99389523,0.0051650847,0.00021071022,0.0007289243,93,c2_1,93,0.6228127
0.993761,0.0054914197,0.00014037496,0.0006071785,95,c2_1,95,0.6256511
0.99636024,0.0033439007,6.0796825e-05,0.00023504393,97,c2_1,97,0.6280718
0.996387,0.003302886,6.710588e-05,0.00024303756,99,c2_1,99,0.62892306
0.99780303,0.0019144894,6.286664e-05,0.00021966713,101,c2_1,101,0.6337474
0.9983985,0.0013832384,4.794239e-05,0.00017035658,103,c2_1,103,0.63572353
0.99788326,0.0018239303,6.177648e-05,0.00023093156,105,c2_1,105,0.6360798
0.9951126,0.0045260605,6.455485e-05,0.0002968303,107,c2_1,107,0.63723415
0.9979645,0.001817197,4.6700952e-05,0.00017165442,109,c2_1,109,0.63825583
0.9968219,0.0027610967,0.000113419075,0.00030359437,111,c2_1,111,0.64094335
0.99803096,0.001674812,7.569844e-05,0.00021851846,113,c2_1,113,0.64379734
0.9985671,0.0011735598,7.04109e-05,0.00018890218,115,c2_1,115,0.64444077
0.998776,0.0010950192,3.4103647e-05,9.484869e-05,117,c2_1,117,0.6458339
0.997698,0.0019051689,0.000118486445,0.00027833952,119,c2_1,119,0.6473318
0.9981775,0.0014009109,0.00013696396,0.00028459006,121,c2_1,121,0.6486608
0.9989303,0.0008432366,7.751142e-05,0.00014893644,123,c2_1,123,0.64887655
0.9989718,0.00091369904,3.8982722e-05,7.5469e-05,125,c2_1,125,0.65048075
0.99924904,0.0006645406,3.1118438e-05,5.523131e-05,127,c2_1,127,0.650911
0.9963127,0.0025922,0.000414728,0.0006803946,129,c2_1,129,0.65253913
0.9989656,0.00087388966,6.387888e-05,9.665929e-05,131,c2_1,131,0.6527983
0.9991505,0.0007119473,5.330439e-05,8.43108e-05,133,c2_1,133,0.6537433
0.9994029,0.00050544227,3.3840857e-05,5.7895522e-05,135,c2_1,135,0.6544877
0.99851924,0.0011758998,9.483679e-05,0.00020998085,137,c2_1,137,0.6546019
0.9989943,0.0007461378,8.097079e-05,0.00017869222,139,c2_1,139,0.6558261
0.9992787,0.0005686417,4.86899e-05,0.00010396533,141,c2_1,141,0.6563691
0.9995529,0.00036396246,2.5156269e-05,5.7841236e-05,143,c2_1,143,0.6581294
0.9986706,0.0010781117,6.421796e-05,0.00018705029,145,c2_1,145,0.6587085
0.99953556,0.00037144954,2.4577505e-05,6.846782e-05,147,c2_1,147,0.66010594
0.9996234,0.0003078572,1.615726e-05,5.260401e-05,149,c2_1,149,0.66096044
0.98703986,0.011836348,0.00012178043,0.0010019955,151,c2_1,151,0.6610741
0.9974941,0.0022223822,3.805851e-05,0.0002454096,153,c2_1,153,0.6635411
0.9987024,0.0011651998,1.7760269e-05,0.00011457005,155,c2_1,155,0.66455066
0.9992587,0.00064829167,1.2331543e-05,8.067523e-05,157,c2_1,157,0.6666379
0.99936503,0.0005571111,1.1239811e-05,6.6694825e-05,159,c2_1,159,0.6687522
0.9989587,0.00087828416,2.3020857e-05,0.00014003228,161,c2_1,161,0.67162067
0.9992162,0.0007197756,9.259044e-06,5.467321e-05,163,c2_1,163,0.6723641
0.99858946,0.0013099323,1.2312995e-05,8.82442e-05,165,c2_1,165,0.6725024
0.99934334,0.0005997178,1.1048705e-05,4.591482e-05,167,c2_1,167,0.6725976
0.9990876,0.0008072202,2.3437618e-05,8.1769365e-05,169,c2_1,169,0.6735895
0.99849963,0.0013337752,2.5048314e-05,0.00014164133,171,c2_1,171,0.6739024
0.9991067,0.0007792817,1.9958554e-05,9.404033e-05,173,c2_1,173,0.67446625
0.99914277,0.0007417881,2.002994e-05,9.5414354e-05,175,c2_1,175,0.67498314
0.99849844,0.0012429014,3.5248562e-05,0.00022339135,177,c2_1,177,0.67538595
0.9953376,0.0038194233,6.473117e-05,0.0007782169,179,c2_1,179,0.67604
0.99848783,0.001361954,1.3376752e-05,0.00013683444,181,c2_1,181,0.6778044
0.9968925,0.0025077378,4.0006635e-05,0.00055982685,183,c2_1,183,0.67798924
0.9949831,0.0041350797,3.8724524e-05,0.0008431247,185,c2_1,185,0.6784632
0.93516177,0.05528017,0.00035192727,0.00920619,187,c2_1,187,0.6786741
0.9805722,0.015372792,0.00016182913,0.0038931903,189,c2_1,189,0.679045
0.97968674,0.016339209,0.00016888896,0.0038051624,191,c2_1,191,0.6795744
0.9915718,0.007459038,5.2058273e-05,0.0009170911,193,c2_1,193,0.67991394
0.99430853,0.0052941754,1.840886e-05,0.00037895804,195,c2_1,195,0.6799602
0.6449066,0.32433778,0.00062828464,0.030127393,197,c2_1,197,0.68091094
0.91160524,0.07920349,0.0002814059,0.008909819,199,c2_1,199,0.68174076
0.9719944,0.026744736,6.537739e-05,0.0011955387,201,c2_1,201,0.68257344
0.973041,0.025815258,5.979823e-05,0.0010839564,203,c2_1,203,0.6828178
0.9902823,0.009505422,1.5345873e-05,0.0001969616,205,c2_1,205,0.68438023
0.9372344,0.05933393,0.00019415317,0.0032373862,207,c2_1,207,0.6845103
0.9069304,0.09172788,0.00010122779,0.0012404723,209,c2_1,209,0.6851906
0.97068936,0.028672643,6.109882e-05,0.0005769423,211,c2_1,211,0.68602294
0.9592007,0.040294833,5.126256e-05,0.00045318805,213,c2_1,213,0.68695956
0.9817831,0.017833065,3.5102763e-05,0.00034874363,215,c2_1,215,0.6886268
0.9907672,0.00895501,3.0557338e-05,0.00024722156,217,c2_1,217,0.694205
0.98740524,0.012323423,2.3859864e-05,0.00024742627,219,c2_1,219,0.6982267
0.9136116,0.084898174,7.4272684e-05,0.0014160079,221,c2_1,221,0.6985281
0.9544977,0.04491302,3.545474e-05,0.0005538084,223,c2_1,223,0.69959027
0.9797397,0.019899819,2.6070302e-05,0.00033440866,225,c2_1,225,0.700902
0.93910795,0.060389422,3.9993392e-05,0.00046270556,227,c2_1,227,0.70526797
0.9203831,0.078974396,5.800024e-05,0.00058451237,229,c2_1,229,0.70622945
0.6097216,0.38544846,0.00052235846,0.0043076887,231,c2_1,231,0.7083701
0.84168684,0.08824976,0.047933683,0.022129754,1,c2_2,1,0.3250713
0.5312198,0.18817414,0.21352836,0.0670777,3,c2_2,3,0.33379212
0.61273795,0.15225293,0.17121086,0.0637983,5,c2_2,5,0.35966438
0.87562376,0.057309795,0.029767187,0.037299316,7,c2_2,7,0.36385068
0.9032989,0.04567614,0.020097328,0.03092759,9,c2_2,9,0.3746114
0.48570234,0.15934657,0.21712153,0.13782959,11,c2_2,11,0.38257623
0.45588428,0.14241189,0.18009801,0.22160585,13,c2_2,13,0.38689575
0.8235073,0.059559908,0.032280885,0.08465194,15,c2_2,15,0.39932215
0.083997495,0.14563109,0.42140695,0.34896448,17,c2_2,17,0.40493307
0.002825207,0.044101093,0.7714654,0.18160826,19,c2_2,19,0.40907484
0.005324853,0.02766066,0.59849125,0.36852324,21,c2_2,21,0.41316986
0.013095048,0.037110228,0.44799393,0.5018007,23,c2_2,23,0.4179559
0.0005911567,0.016436601,0.93436694,0.048605252,25,c2_2,25,0.4212921
0.002632071,0.03053365,0.7831198,0.18371445,27,c2_2,27,0.42743686
0.0072637554,0.047134604,0.47208953,0.47351205,29,c2_2,29,0.42836356
0.07611495,0.1730645,0.18138929,0.5694313,31,c2_2,31,0.43130544
0.13557094,0.47632354,0.043398548,0.34470698,33,c2_2,33,0.4334783
0.50569546,0.35434198,0.011974769,0.12798783,35,c2_2,35,0.44602007
0.75683105,0.19785234,0.003103933,0.042212725,37,c2_2,37,0.44781584
0.5887615,0.35921004,0.0033711076,0.048657406,39,c2_2,39,0.45465595
0.8109894,0.15914561,0.0017095815,0.028155461,41,c2_2,41,0.4676976
0.7446967,0.22533028,0.0016589352,0.028314166,43,c2_2,43,0.47799823
0.92962563,0.061751466,0.00047618774,0.008146753,45,c2_2,45,0.47922197
0.95898277,0.036505196,0.0002643562,0.0042476305,47,c2_2,47,0.49376398
0.9314503,0.060835812,0.00052116346,0.0071927663,49,c2_2,49,0.49827123
0.94851214,0.04511228,0.0004297238,0.005945957,51,c2_2,51,0.50393045
0.97811115,0.019181792,0.00019834981,0.002508802,53,c2_2,53,0.5204292
0.98751885,0.0111601865,0.00010326708,0.0012177419,55,c2_2,55,0.5226173
0.9915964,0.0076956702,5.686802e-05,0.0006511211,57,c2_2,57,0.5269752
0.9925196,0.007048987,4.1031646e-05,0.00039036962,59,c2_2,59,0.5275566
0.9951669,0.0044802646,3.0703133e-05,0.0003221086,61,c2_2,61,0.5311333
0.9961994,0.0035908935,1.939393e-05,0.00019022166,63,c2_2,63,0.5362405
0.8747955,0.11859753,0.000838071,0.0057689357,65,c2_2,65,0.5437371
0.9650957,0.031334702,0.00036657616,0.0032030076,67,c2_2,67,0.54746187
0.9779845,0.01977754,0.00022897674,0.0020090423,69,c2_2,69,0.5632145
0.9736953,0.02420503,0.00017766966,0.0019219375,71,c2_2,71,0.56884885
0.9923707,0.0069173765,5.873179e-05,0.00065315544,73,c2_2,73,0.5726982
0.99588424,0.0037372806,2.5925829e-05,0.0003526022,75,c2_2,75,0.5749665
0.98847044,0.010295055,9.032999e-05,0.0011441895,77,c2_2,77,0.5798603
0.99410963,0.005404957,4.0153554e-05,0.00044525226,79,c2_2,79,0.58516747
0.9967721,0.0029323162,2.3147888e-05,0.00027238368,81,c2_2,81,0.5877568
0.9976255,0.0021712717,1.2226141e-05,0.00019098674,83,c2_2,83,0.5957076
0.99825436,0.0016353065,7.91125e-06,0.00010236253,85,c2_2,85,0.59877026
0.9988582,0.0010729687,5.3084045e-06,6.353429e-05,87,c2_2,87,0.6013746
0.99879444,0.0010959661,8.4471585e-06,0.000101047044,89,c2_2,89,0.6078696
0.99882036,0.0010915655,6.576785e-06,8.146164e-05,91,c2_2,91,0.6182356
0.99702543,0.0028289086,1.3353225e-05,0.00013232345,93,c2_2,93,0.6228127
0.99741036,0.0024185511,1.349036e-05,0.00015765235,95,c2_2,95,0.6256511
0.99875677,0.0011248392,8.175098e-06,0.000110227294,97,c2_2,97,0.6280718
0.99895144,0.00094766926,6.7066003e-06,9.414344e-05,99,c2_2,99,0.62892306
0.99915063,0.00078284414,5.065426e-06,6.1337945e-05,101,c2_2,101,0.6337474
0.99934596,0.00060341536,3.126423e-06,4.750092e-05,103,c2_2,103,0.63572353
0.9992805,0.00067505485,2.9376563e-06,4.153161e-05,105,c2_2,105,0.6360798
0.99682033,0.0030763946,8.942595e-06,9.436219e-05,107,c2_2,107,0.63723415
0.9985391,0.0013896388,5.059787e-06,6.620156e-05,109,c2_2,109,0.63825583
0.99849653,0.0013760984,1.1847237e-05,0.00011554738,111,c2_2,111,0.64094335
0.99910694,0.0008398969,4.6311025e-06,4.8544534e-05,113,c2_2,113,0.64379734
0.9993741,0.0005841771,3.917191e-06,3.772805e-05,115,c2_2,115,0.64444077
0.99947006,0.00049211166,2.963131e-06,3.4869943e-05,117,c2_2,117,0.6458339
0.9991642,0.00075402524,7.043664e-06,7.4636155e-05,119,c2_2,119,0.6473318
0.9988416,0.0010195619,1.1152168e-05,0.00012768776,121,c2_2,121,0.6486608
0.99913776,0.0007744561,6.7306764e-06,8.107724e-05,123,c2_2,123,0.64887655
0.9993874,0.00057620346,3.3499089e-06,3.2989847e-05,125,c2_2,125,0.65048075
0.9996038,0.0003697201,1.9528054e-06,2.4470752e-05,127,c2_2,127,0.650911
0.99899536,0.000868832,1.2386335e-05,0.00012339662,129,c2_2,129,0.65253913
0.99964905,0.00032765727,2.0574096e-06,2.1200069e-05,131,c2_2,131,0.6527983
0.99974304,0.00023765901,1.7088104e-06,1.7631557e-05,133,c2_2,133,0.6537433
0.99981695,0.00017110894,7.429015e-07,1.1176704e-05,135,c2_2,135,0.6544877
0.9997414,0.00024052957,1.2133298e-06,1.6861466e-05,137,c2_2,137,0.6546019
0.99965525,0.0003213693,1.8282242e-06,2.1544427e-05,139,c2_2,139,0.6558261
0.9997608,0.00022274355,1.1950252e-06,1.5229308e-05,141,c2_2,141,0.6563691
0.99980694,0.00018213088,6.877131e-07,1.0321626e-05,143,c2_2,143,0.6581294
0.99982953,0.00016115859,6.6591883e-07,8.595137e-06,145,c2_2,145,0.6587085
0.99985325,0.0001383244,5.417088e-07,7.783029e-06,147,c2_2,147,0.66010594
0.99987125,0.000120358265,4.6107306e-07,7.859661e-06,149,c2_2,149,0.66096044
0.9988127,0.0011476288,4.214645e-06,3.5495355e-05,151,c2_2,151,0.6610741
0.9996407,0.00034198124,1.4007377e-06,1.5921534e-05,153,c2_2,153,0.6635411
0.9998474,0.00014345294,6.0687313e-07,8.488172e-06,155,c2_2,155,0.66455066
0.9998673,0.0001238002,5.9875396e-07,8.2027855e-06,157,c2_2,157,0.6666379
0.99977607,0.00020469767,1.4925783e-06,1.7668228e-05,159,c2_2,159,0.6687522
0.9993498,0.0005153519,9.261333e-06,0.00012561817,161,c2_2,161,0.67162067
0.999559,0.00040560274,3.2300266e-06,3.2170276e-05,163,c2_2,163,0.6723641
0.99972063,0.00026492166,1.5741872e-06,1.2886925e-05,165,c2_2,165,0.6725024
0.9997453,0.00022284102,3.8291305e-06,2.797387e-05,167,c2_2,167,0.6725976
0.99958616,0.00032913298,8.146142e-06,7.660468e-05,169,c2_2,169,0.6735895
0.9994529,0.00050093717,4.9745495e-06,4.1265586e-05,171,c2_2,171,0.6739024
0.9996012,0.0003710064,2.4067479e-06,2.5475865e-05,173,c2_2,173,0.67446625
0.99975353,0.00023128629,9.999231e-07,1.4152715e-05,175,c2_2,175,0.67498314
0.99971455,0.00026796618,1.2001619e-06,1.6211305e-05,177,c2_2,177,0.67538595
0.99618345,0.0036692722,1.1430249e-05,0.00013579396,179,c2_2,179,0.67604
0.99940264,0.0005499711,2.9273706e-06,4.4454926e-05,181,c2_2,181,0.6778044
0.9988159,0.0011296069,4.058152e-06,5.042802e-05,183,c2_2,183,0.67798924
0.98365444,0.015374335,5.6520683e-05,0.0009147309,185,c2_2,185,0.6784632
0.9886007,0.010204501,8.290316e-05,0.0011119148,187,c2_2,187,0.6786741
0.9945826,0.0046889796,6.302592e-05,0.000665421,189,c2_2,189,0.679045
0.9962192,0.003497025,2.2048624e-05,0.00026162085,191,c2_2,191,0.6795744
0.9986957,0.001176093,1.0027759e-05,0.00011818457,193,c2_2,193,0.67991394
0.9992648,0.0006475473,4.111137e-06,8.357996e-05,195,c2_2,195,0.6799602
0.86494994,0.13205524,0.00042268174,0.0025721814,197,c2_2,197,0.68091094
0.9912457,0.008326041,2.8553972e-05,0.00039962478,199,c2_2,199,0.68174076
0.9967032,0.0031344595,1.1491074e-05,0.00015087015,201,c2_2,201,0.68257344
0.9969405,0.0029057355,7.714076e-06,0.00014603933,203,c2_2,203,0.6828178
0.9988839,0.0010641406,2.3727005e-06,4.9531354e-05,205,c2_2,205,0.68438023
0.99385804,0.005859866,1.5225775e-05,0.00026688716,207,c2_2,207,0.6845103
0.9969998,0.0028645159,9.472982e-06,0.00012613922,209,c2_2,209,0.6851906
0.99801946,0.001880532,8.482152e-06,9.156533e-05,211,c2_2,211,0.68602294
0.9988625,0.0010799305,3.250152e-06,5.4340053e-05,213,c2_2,213,0.68695956
0.99928904,0.0006608274,2.7490787e-06,4.7392874e-05,215,c2_2,215,0.6886268
0.9995448,0.0004223446,1.6549366e-06,3.1192787e-05,217,c2_2,217,0.694205
0.99926215,0.000694826,2.4304761e-06,4.0529692e-05,219,c2_2,219,0.6982267
0.997271,0.002602904,8.574377e-06,0.000117569776,221,c2_2,221,0.6985281
0.9983767,0.0015317744,5.244071e-06,8.628981e-05,223,c2_2,223,0.69959027
0.9990331,0.0009160131,3.5186956e-06,4.7372017e-05,225,c2_2,225,0.700902
0.9974861,0.0023900236,8.854289e-06,0.00011502902,227,c2_2,227,0.70526797
0.9945734,0.0052060504,1.51472395e-05,0.00020532726,229,c2_2,229,0.70622945
0.95169306,0.04726255,0.00014033222,0.0009040802,231,c2_2,231,0.7083701
0.0048604794,0.06276538,0.2964902,0.6358839,1,c2_3,1,0.3250713
0.0027719312,0.062180564,0.69869715,0.23635043,3,c2_3,3,0.33379212
0.005833179,0.062078446,0.5727867,0.35930166,5,c2_3,5,0.35966438
0.030412743,0.067997485,0.27744892,0.62414086,7,c2_3,7,0.36385068
0.023071641,0.08349188,0.20817965,0.68525684,9,c2_3,9,0.3746114
0.079753995,0.1661248,0.2810504,0.4730708,11,c2_3,11,0.38257623
0.24569091,0.14208476,0.16152275,0.4507015,13,c2_3,13,0.38689575
0.35444155,0.095249854,0.087738685,0.46256995,15,c2_3,15,0.39932215
0.33113992,0.14520733,0.14121467,0.3824381,17,c2_3,17,0.40493307
0.09297855,0.13627435,0.33020177,0.44054535,19,c2_3,19,0.40907484
0.12245632,0.09990025,0.2806392,0.4970042,21,c2_3,21,0.41316986
0.29678482,0.14362773,0.1479935,0.41159394,23,c2_3,23,0.4179559
0.025108928,0.092189476,0.40947208,0.4732295,25,c2_3,25,0.4212921
0.057979405,0.12937093,0.27202305,0.5406266,27,c2_3,27,0.42743686
0.03806547,0.064360574,0.17301053,0.72456336,29,c2_3,29,0.42836356
0.16142774,0.1709336,0.1001419,0.56749684,31,c2_3,31,0.43130544
0.24177293,0.29272506,0.05588789,0.40961412,33,c2_3,33,0.4334783
0.48945937,0.23503591,0.016969755,0.258535,35,c2_3,35,0.44602007
0.7081891,0.14426884,0.006349262,0.14119282,37,c2_3,37,0.44781584
0.22957546,0.2024899,0.020046689,0.5478879,39,c2_3,39,0.45465595
0.73249686,0.07570783,0.007129453,0.1846659,41,c2_3,41,0.4676976
0.34084344,0.08938218,0.016813425,0.55296093,43,c2_3,43,0.47799823
0.9302026,0.02089124,0.0024062165,0.046499994,45,c2_3,45,0.47922197
0.9843969,0.010683066,0.0006428032,0.00427722,47,c2_3,47,0.49376398
0.97346354,0.01720811,0.001417746,0.00791055,49,c2_3,49,0.49827123
0.96116686,0.018418292,0.0024292672,0.017985573,51,c2_3,51,0.50393045
0.99232906,0.006206731,0.0003110674,0.0011531506,53,c2_3,53,0.5204292
0.99424475,0.005019654,0.00018680013,0.0005486977,55,c2_3,55,0.5226173
0.99555993,0.0039424943,0.000121734265,0.0003757132,57,c2_3,57,0.5269752
0.9967423,0.0028508503,0.00010431622,0.00030247922,59,c2_3,59,0.5275566
0.99678886,0.0029595976,6.451342e-05,0.00018709477,61,c2_3,61,0.5311333
0.99842924,0.0014180853,3.476553e-05,0.00011798493,63,c2_3,63,0.5362405
0.7167037,0.21277298,0.033923995,0.03659929,65,c2_3,65,0.5437371
0.9218763,0.05771143,0.0063110837,0.014101149,67,c2_3,67,0.54746187
0.9658959,0.025170792,0.001556558,0.0073767495,69,c2_3,69,0.5632145
0.9732895,0.019918352,0.0007371633,0.0060549737,71,c2_3,71,0.56884885
0.9922691,0.0064508356,0.00014013214,0.0011399972,73,c2_3,73,0.5726982
0.9954978,0.004049015,5.5553188e-05,0.0003976824,75,c2_3,75,0.5749665
0.9806433,0.017330086,0.00028858462,0.0017380626,77,c2_3,77,0.5798603
0.99344146,0.0057339044,0.00010708175,0.00071747217,79,c2_3,79,0.58516747
0.99712306,0.0026091123,3.3048058e-05,0.00023477229,81,c2_3,81,0.5877568
0.9979589,0.0019032133,1.8354878e-05,0.00011947705,83,c2_3,83,0.5957076
0.998904,0.0010068829,1.09237435e-05,7.815537e-05,85,c2_3,85,0.59877026
0.99928707,0.0006435597,8.534757e-06,6.096309e-05,87,c2_3,87,0.6013746
0.9982299,0.0016753058,1.0946636e-05,8.392841e-05,89,c2_3,89,0.6078696
0.998719,0.0012142,7.5263943e-06,5.9207414e-05,91,c2_3,91,0.6182356
0.9985196,0.0014155612,9.6813565e-06,5.5155317e-05,93,c2_3,93,0.6228127
0.99867743,0.001249396,9.64705e-06,6.340296e-05,95,c2_3,95,0.6256511
0.99871314,0.0012330102,7.854221e-06,4.5996014e-05,97,c2_3,97,0.6280718
0.99899095,0.0009669222,6.4135625e-06,3.573931e-05,99,c2_3,99,0.62892306
0.99920064,0.0007653531,5.4139014e-06,2.8612754e-05,101,c2_3,101,0.6337474
0.9993741,0.0006009248,4.081634e-06,2.0952313e-05,103,c2_3,103,0.63572353
0.9994867,0.0004921046,3.272396e-06,1.7920627e-05,105,c2_3,105,0.6360798
0.9981522,0.0018085631,1.03866305e-05,2.888658e-05,107,c2_3,107,0.63723415
0.99860746,0.0013638005,7.250442e-06,2.154082e-05,109,c2_3,109,0.63825583
0.99567753,0.004196144,3.6998048e-05,8.9298774e-05,111,c2_3,111,0.64094335
0.9987717,0.0012032255,6.359483e-06,1.8696232e-05,113,c2_3,113,0.64379734
0.9989882,0.0009911341,5.1814636e-06,1.5371977e-05,115,c2_3,115,0.64444077
0.9990318,0.00094890315,5.211703e-06,1.402519e-05,117,c2_3,117,0.6458339
0.9983967,0.0015618057,1.4133481e-05,2.7392694e-05,119,c2_3,119,0.6473318
0.99868816,0.00126669,1.5042544e-05,3.0132396e-05,121,c2_3,121,0.6486608
0.9991462,0.0008249778,8.3504665e-06,2.0525571e-05,123,c2_3,123,0.64887655
0.9988084,0.0011635626,7.708736e-06,2.0401227e-05,125,c2_3,125,0.65048075
0.99886984,0.0011021197,7.3212204e-06,2.0669811e-05,127,c2_3,127,0.650911
0.9967348,0.003074182,4.733372e-05,0.00014366428,129,c2_3,129,0.65253913
0.99888045,0.001082914,8.223326e-06,2.846567e-05,131,c2_3,131,0.6527983
0.9992003,0.0007785895,4.4975263e-06,1.6634353e-05,133,c2_3,133,0.6537433
0.9992374,0.00074330205,4.068508e-06,1.522983e-05,135,c2_3,135,0.6544877
0.9985514,0.0013992654,8.053971e-06,4.1224353e-05,137,c2_3,137,0.6546019
0.9989537,0.001000357,7.5599773e-06,3.8384904e-05,139,c2_3,139,0.6558261
0.99954045,0.00043708849,3.1580678e-06,1.9303105e-05,141,c2_3,141,0.6563691
0.99969673,0.00028716167,2.1848816e-06,1.3849075e-05,143,c2_3,143,0.6581294
0.9997657,0.00021990889,2.1785156e-06,1.22118545e-05,145,c2_3,145,0.6587085
0.9997806,0.00020972162,1.1479463e-06,8.471568e-06,147,c2_3,147,0.66010594
0.99973756,0.000252789,1.2530204e-06,8.418581e-06,149,c2_3,149,0.66096044
0.9964224,0.0034922068,1.8851882e-05,6.6515444e-05,151,c2_3,151,0.6610741
0.9984773,0.0014846333,6.920086e-06,3.114052e-05,153,c2_3,153,0.6635411
0.9987921,0.0011635432,5.624673e-06,3.8765706e-05,155,c2_3,155,0.66455066
0.9992235,0.0007438919,4.538677e-06,2.8096096e-05,157,c2_3,157,0.6666379
0.9990465,0.0009064605,1.0186978e-05,3.6897694e-05,159,c2_3,159,0.6687522
0.9969221,0.0023289344,0.00031110956,0.00043787246,161,c2_3,161,0.67162067
0.99811566,0.0017061713,6.496064e-05,0.000113287846,163,c2_3,163,0.6723641
0.9990054,0.00096065475,1.0499207e-05,2.3425164e-05,165,c2_3,165,0.6725024
0.998706,0.0012224404,1.9285611e-05,5.2226962e-05,167,c2_3,167,0.6725976
0.9966518,0.0027728726,0.00015102922,0.00042425212,169,c2_3,169,0.6735895
0.9973355,0.0026174057,1.4200221e-05,3.284954e-05,171,c2_3,171,0.6739024
0.9983918,0.0015812247,6.970173e-06,1.9907331e-05,173,c2_3,173,0.67446625
0.99734384,0.0026099924,1.106506e-05,3.5090514e-05,175,c2_3,175,0.67498314
0.99378455,0.0061359173,2.0406686e-05,5.913549e-05,177,c2_3,177,0.67538595
0.9840677,0.015740653,4.3220898e-05,0.00014844077,179,c2_3,179,0.67604
0.9960025,0.003939482,7.79145e-06,5.0305596e-05,181,c2_3,181,0.6778044
0.993764,0.0060765706,1.6650405e-05,0.00014277961,183,c2_3,183,0.67798924
0.969344,0.028978566,9.6628886e-05,0.0015808177,185,c2_3,185,0.6784632
0.912617,0.08077253,0.00047889174,0.006131548,187,c2_3,187,0.6786741
0.9703561,0.027694028,0.00010842585,0.0018414991,189,c2_3,189,0.679045
0.9596554,0.037475247,0.000106784726,0.0027625621,191,c2_3,191,0.6795744
0.98545307,0.0137155745,2.8795119e-05,0.0008026095,193,c2_3,193,0.67991394
0.9930146,0.006708255,9.5744535e-06,0.00026758897,195,c2_3,195,0.6799602
0.911956,0.08585076,0.00018646156,0.0020067901,197,c2_3,197,0.68091094
0.9655827,0.033142388,7.194046e-05,0.0012029643,199,c2_3,199,0.68174076
0.9864086,0.013095398,2.586052e-05,0.0004701325,201,c2_3,201,0.68257344
0.990171,0.009494619,1.6762793e-05,0.0003176713,203,c2_3,203,0.6828178
0.99606824,0.0037791363,6.369995e-06,0.00014623893,205,c2_3,205,0.68438023
0.9819872,0.017702447,2.758476e-05,0.00028274875,207,c2_3,207,0.6845103
0.9695654,0.029753042,5.244498e-05,0.00062912615,209,c2_3,209,0.6851906
0.9760391,0.02356481,3.6349684e-05,0.00035974645,211,c2_3,211,0.68602294
0.9809625,0.01865115,3.0387115e-05,0.0003558183,213,c2_3,213,0.68695956
0.99071676,0.009102102,1.41144465e-05,0.0001670401,215,c2_3,215,0.6886268
0.99449426,0.0053784,8.804123e-06,0.000118517244,217,c2_3,217,0.694205
0.993586,0.0063090757,9.432311e-06,9.5545205e-05,219,c2_3,219,0.6982267
0.9672714,0.03255775,4.5594985e-05,0.00012533605,221,c2_3,221,0.6985281
0.98269224,0.017128555,4.147439e-05,0.00013781752,223,c2_3,223,0.69959027
0.99203295,0.00788796,1.7694403e-05,6.147911e-05,225,c2_3,225,0.700902
0.9801639,0.019553754,5.675913e-05,0.00022562467,227,c2_3,227,0.70526797
0.93377584,0.06532734,0.0001651993,0.0007316653,229,c2_3,229,0.70622945
0.51475805,0.48228973,0.0019252335,0.0010270134,231,c2_3,231,0.7083701
0.83393884,0.052186485,0.0066442615,0.10723045,1,c2_4,1,0.3250713
0.8583449,0.038492054,0.012073474,0.09108958,3,c2_4,3,0.33379212
0.8501362,0.053138554,0.017569127,0.07915604,5,c2_4,5,0.35966438
0.7802436,0.07047613,0.010384097,0.13889611,7,c2_4,7,0.36385068
0.8028397,0.067539066,0.010740129,0.11888106,9,c2_4,9,0.3746114
0.83412516,0.05566845,0.014347345,0.09585905,11,c2_4,11,0.38257623
0.86805844,0.04379412,0.010662322,0.07748508,13,c2_4,13,0.38689575
0.87922734,0.04302109,0.007402368,0.07034919,15,c2_4,15,0.39932215
0.76043487,0.068525605,0.033548016,0.13749145,17,c2_4,17,0.40493307
0.21043913,0.17800985,0.2796279,0.33192316,19,c2_4,19,0.40907484
0.24062242,0.15065187,0.27680135,0.3319244,21,c2_4,21,0.41316986
0.40285578,0.110847615,0.15494606,0.33135056,23,c2_4,23,0.4179559
0.001244551,0.0434516,0.82646245,0.12884142,25,c2_4,25,0.4212921
0.0018947452,0.05824897,0.7348533,0.20500293,27,c2_4,27,0.42743686
0.0022412091,0.05869098,0.55000174,0.3890661,29,c2_4,29,0.42836356
0.13188937,0.20030735,0.27794555,0.38985774,31,c2_4,31,0.43130544
0.15403977,0.24251002,0.13590974,0.46754044,33,c2_4,33,0.4334783
0.53298753,0.1774092,0.035938732,0.2536645,35,c2_4,35,0.44602007
0.74972385,0.10576224,0.0118264835,0.13268742,37,c2_4,37,0.44781584
0.6854111,0.1344505,0.011087296,0.16905117,39,c2_4,39,0.45465595
0.8434299,0.04626454,0.0045435955,0.10576197,41,c2_4,41,0.4676976
0.8233779,0.0521618,0.0049045384,0.119555674,43,c2_4,43,0.47799823
0.9400807,0.017592326,0.0016274962,0.040699553,45,c2_4,45,0.47922197
0.97138083,0.010951979,0.0008078355,0.016859313,47,c2_4,47,0.49376398
0.9506582,0.02189021,0.002122564,0.025329098,49,c2_4,49,0.49827123
0.9687376,0.016664887,0.0012347876,0.013362682,51,c2_4,51,0.50393045
0.9849732,0.009213892,0.0005869152,0.005225994,53,c2_4,53,0.5204292
0.99110645,0.006683789,0.0002741184,0.001935632,55,c2_4,55,0.5226173
0.9937132,0.005167925,0.00014803911,0.0009707581,57,c2_4,57,0.5269752
0.9930661,0.0058734845,0.00018035894,0.0008800687,59,c2_4,59,0.5275566
0.99406683,0.0051643928,0.00012223044,0.0006464402,61,c2_4,61,0.5311333
0.99460196,0.004794205,0.00010682332,0.0004970407,63,c2_4,63,0.5362405
0.90399647,0.08226873,0.004694736,0.009040119,65,c2_4,65,0.5437371
0.9652528,0.03010779,0.0011969932,0.0034423862,67,c2_4,67,0.54746187
0.97242606,0.023697078,0.00070396974,0.0031728905,69,c2_4,69,0.5632145
0.9576062,0.036023855,0.0010343138,0.0053356583,71,c2_4,71,0.56884885
0.98626685,0.011686869,0.0002715473,0.0017747224,73,c2_4,73,0.5726982
0.9930628,0.0061074025,0.00010933059,0.00072047353,75,c2_4,75,0.5749665
0.9821878,0.016163515,0.00027111807,0.0013775578,77,c2_4,77,0.5798603
0.9895083,0.009568743,0.00014019758,0.0007827296,79,c2_4,79,0.58516747
0.9935835,0.0058825104,7.527542e-05,0.00045862544,81,c2_4,81,0.5877568
0.9953434,0.004310439,6.835318e-05,0.00027771862,83,c2_4,83,0.5957076
0.99715185,0.0026337816,4.1070267e-05,0.00017322521,85,c2_4,85,0.59877026
0.99812514,0.0017456794,2.4722958e-05,0.000104469116,87,c2_4,87,0.6013746
0.9973328,0.00250975,3.2698645e-05,0.00012468181,89,c2_4,89,0.6078696
0.9983559,0.0015442707,1.9393217e-05,8.031506e-05,91,c2_4,91,0.6182356
0.9977586,0.0020873498,2.663961e-05,0.00012735096,93,c2_4,93,0.6228127
0.99771154,0.0020942308,2.945474e-05,0.0001647559,95,c2_4,95,0.6256511
0.9986419,0.001253151,1.3382835e-05,9.15791e-05,97,c2_4,97,0.6280718
0.99899703,0.0009325926,9.559155e-06,6.0842838e-05,99,c2_4,99,0.62892306
0.9991229,0.0008236046,6.844918e-06,4.666718e-05,101,c2_4,101,0.6337474
0.9992816,0.0006731498,6.1253704e-06,3.91695e-05,103,c2_4,103,0.63572353
0.9989594,0.00097385916,1.1129927e-05,5.5526856e-05,105,c2_4,105,0.6360798
0.9967321,0.0030668543,4.2395863e-05,0.00015866892,107,c2_4,107,0.63723415
0.9983646,0.0015397717,1.5672984e-05,7.9929734e-05,109,c2_4,109,0.63825583
0.9982932,0.0015995548,1.5585298e-05,9.159071e-05,111,c2_4,111,0.64094335
0.9984549,0.0014715305,1.1362509e-05,6.219148e-05,113,c2_4,113,0.64379734
0.99834096,0.001580637,1.184808e-05,6.6574656e-05,115,c2_4,115,0.64444077
0.9983814,0.0015323119,1.34591755e-05,7.279473e-05,117,c2_4,117,0.6458339
0.9979234,0.0019688297,2.1434862e-05,8.630749e-05,119,c2_4,119,0.6473318
0.9974957,0.0023727398,2.6103198e-05,0.00010541814,121,c2_4,121,0.6486608
0.99837637,0.0015351652,2.0312164e-05,6.8147594e-05,123,c2_4,123,0.64887655
0.9990445,0.0008913005,1.137884e-05,5.2756106e-05,125,c2_4,125,0.65048075
0.9994791,0.00048656535,5.2093146e-06,2.9109196e-05,127,c2_4,127,0.650911
0.9989248,0.0009871632,1.1832397e-05,7.617747e-05,129,c2_4,129,0.65253913
0.99938047,0.000584143,4.761656e-06,3.063602e-05,131,c2_4,131,0.6527983
0.9994153,0.00055043004,4.109436e-06,3.0232946e-05,133,c2_4,133,0.6537433
0.9995338,0.0004356812,3.734612e-06,2.6845419e-05,135,c2_4,135,0.6544877
0.999466,0.0004941493,3.932745e-06,3.6001813e-05,137,c2_4,137,0.6546019
0.9995666,0.00040026038,2.9363096e-06,3.0155536e-05,139,c2_4,139,0.6558261
0.99960166,0.0003721132,2.5075803e-06,2.3676323e-05,141,c2_4,141,0.6563691
0.9996723,0.00030592797,2.567761e-06,1.9264013e-05,143,c2_4,143,0.6581294
0.9995808,0.00039786767,4.5443285e-06,1.6772177e-05,145,c2_4,145,0.6587085
0.9997776,0.00020833159,1.8365902e-06,1.2188661e-05,147,c2_4,147,0.66010594
0.999793,0.00019521806,1.4720873e-06,1.0350037e-05,149,c2_4,149,0.66096044
0.99814487,0.0017835394,1.11789095e-05,6.043048e-05,151,c2_4,151,0.6610741
0.9991048,0.0008505318,3.8695775e-06,4.0769377e-05,153,c2_4,153,0.6635411
0.99951065,0.00044577548,2.7704064e-06,4.0842922e-05,155,c2_4,155,0.66455066
0.9995272,0.00043463628,2.471257e-06,3.5647496e-05,157,c2_4,157,0.6666379
0.99948454,0.00046282602,2.604422e-06,5.0014438e-05,159,c2_4,159,0.6687522
0.9988078,0.0010432459,7.277552e-06,0.00014170437,161,c2_4,161,0.67162067
0.9992084,0.00068515,6.666164e-06,9.9806646e-05,163,c2_4,163,0.6723641
0.999243,0.00071253866,6.346709e-06,3.804646e-05,165,c2_4,165,0.6725024
0.999587,0.00037104782,2.8889297e-06,3.902161e-05,167,c2_4,167,0.6725976
0.99908316,0.00081283925,5.51598e-06,9.843078e-05,169,c2_4,169,0.6735895
0.99869823,0.001221688,5.655097e-06,7.4304124e-05,171,c2_4,171,0.6739024
0.9992368,0.000716701,2.7850758e-06,4.3629112e-05,173,c2_4,173,0.67446625
0.9992822,0.0006777579,2.9278383e-06,3.712417e-05,175,c2_4,175,0.67498314
0.99936074,0.0006046796,2.508339e-06,3.2049382e-05,177,c2_4,177,0.67538595
0.99867827,0.0012540795,4.0193836e-06,6.3580905e-05,179,c2_4,179,0.67604
0.99909115,0.00085658487,2.5679085e-06,4.9666236e-05,181,c2_4,181,0.6778044
0.99885035,0.001077916,4.4756907e-06,6.7186185e-05,183,c2_4,183,0.67798924
0.9975084,0.002330751,7.596785e-06,0.00015312867,185,c2_4,185,0.6784632
0.99056834,0.008880413,2.9336596e-05,0.0005219238,187,c2_4,187,0.6786741
0.9934902,0.0061172987,2.294034e-05,0.00036955095,189,c2_4,189,0.679045
0.98772395,0.011757864,3.6653044e-05,0.0004814886,191,c2_4,191,0.6795744
0.9936547,0.0061513707,1.412856e-05,0.00017972216,193,c2_4,193,0.67991394
0.9966537,0.0032018167,7.785696e-06,0.00013672006,195,c2_4,195,0.6799602
0.73882794,0.2520568,0.00082407193,0.008291187,197,c2_4,197,0.68091094
0.96893376,0.030449312,6.186373e-05,0.00055509235,199,c2_4,199,0.68174076
0.9821,0.017602382,3.6595502e-05,0.00026101462,201,c2_4,201,0.68257344
0.9771787,0.022231882,4.7709254e-05,0.0005417198,203,c2_4,203,0.6828178
0.99396,0.005915087,1.7142105e-05,0.000107738175,205,c2_4,205,0.68438023
0.9659295,0.033191945,7.9821795e-05,0.0007987777,207,c2_4,207,0.6845103
0.96613574,0.03327798,9.654237e-05,0.00048967067,209,c2_4,209,0.6851906
0.9749332,0.02461733,3.3279746e-05,0.00041615695,211,c2_4,211,0.68602294
0.9633398,0.035965852,7.0684815e-05,0.000623609,213,c2_4,213,0.68695956
0.9830404,0.016469494,2.8009059e-05,0.0004620574,215,c2_4,215,0.6886268
0.9914077,0.008327052,1.5821819e-05,0.00024932684,217,c2_4,217,0.694205
0.9895235,0.010212166,1.8935953e-05,0.0002454341,219,c2_4,219,0.6982267
0.97433114,0.02465809,4.0966544e-05,0.0009699015,221,c2_4,221,0.6985281
0.9752406,0.024099471,5.8985428e-05,0.00060097553,223,c2_4,223,0.69959027
0.98260015,0.016980965,3.401554e-05,0.00038482292,225,c2_4,225,0.700902
0.9422441,0.05654644,0.00023520175,0.00097432773,227,c2_4,227,0.70526797
0.9068865,0.09129615,0.0002656134,0.0015517218,229,c2_4,229,0.70622945
0.44426686,0.542375,0.0032975469,0.010060547,231,c2_4,231,0.7083701
