time,state,smoothing,residuals,variance,ac1,pseudotime_index,pseudotime
0,10.196719,8.30029303819113,1.8964259618088697,,,0,0.8032672
1,6.5863795,8.252087018699294,-1.6657075186992945,,,1,0.8038956
2,8.7597275,8.203973841334212,0.5557536586657879,,,2,0.80414575
3,8.685513,8.155955292709834,0.5295577072901665,,,3,0.8042416
4,5.40284,8.108032593513622,-2.7051925935136216,,,4,0.80481243
5,10.754751,8.06020647080605,2.6945445291939514,,,5,0.8061989
6,8.017524,8.012479692313308,0.005044307686691951,,,6,0.80661285
7,8.246317,7.96485287108159,0.2814641289184099,,,7,0.806724
8,8.335305,7.917325728217518,0.41797927178248173,,,8,0.80687946
9,7.361065,7.869897249082427,-0.5088322490824266,,,9,0.808055
10,9.503903,7.822565697019497,1.681337302980502,,,10,0.8080701
11,7.454063,7.7753293246353365,-0.3212663246353369,,,11,0.8094284
12,6.996156,7.728184227875457,-0.7320282278754568,,,12,0.8097184
13,6.7946267,7.681126530846348,-0.8864998308463479,,,13,0.81010264
14,7.7523994,7.634153819588041,0.11824558041195843,,,14,0.8102973
15,6.4856143,7.587265182387766,-1.1016508823877658,,,15,0.81074214
16,8.821711,7.540460197177821,1.2812508028221794,,,16,0.8110076
17,5.253502,7.493739537375915,-2.240237537375915,,,17,0.8110315
18,7.5291095,7.447103075165929,0.08200642483407083,,,18,0.8111694
19,8.932532,7.40055267485407,1.5319793251459304,,,19,0.8116821
20,9.636828,7.354090314386017,2.2827376856139825,,,20,0.81225145
21,6.4312534,7.307715360888332,-0.8764619608883315,,,21,0.8130136
22,6.9887156,7.2614243729854895,-0.27270877298548957,,,22,0.8131213
23,8.958056,7.215214389513668,1.7428416104863311,,,23,0.8133058
24,7.7200947,7.169082399933775,0.5510123000662244,,,24,0.8138121
25,6.315704,7.123022699688949,-0.807318699688949,,,25,0.81455886
26,6.873120782,7.077027815778523,-0.20390703377852315,,,26,0.81473285
27,5.955517,7.031090597000541,-1.075573597000541,,,27,0.8148066
28,6.172725,6.985204186021223,-0.812479186021223,,,28,0.81545573
29,7.542778,6.939363106723448,0.6034148932765522,,,29,0.8155553
30,6.5560584,6.893562877805482,-0.33750447780548143,,,30,0.816286
31,8.618215,6.847797987919222,1.7704170120807774,,,31,0.81655234
32,5.2270846,6.802061949471158,-1.5749773494711574,,,32,0.81752765
33,5.8143516,6.756345396320687,-0.9419937963206868,,,33,0.81758183
34,4.755782,6.710640063084761,-1.9548580630847612,,,34,0.818517
35,5.735042,6.664940112473686,-0.929898112473686,,,35,0.8195341
36,6.3229446,6.619243843223995,-0.29629924322399503,,,36,0.8213751
37,7.5509586,6.573553738145491,0.9774048618545095,,,37,0.82143384
38,6.74141,6.527875530071333,0.21353446992866676,,,38,0.8221774
39,6.8618636,6.482216687728864,0.3796469122711361,,,39,0.82294726
40,8.2211895,6.436589119788329,1.7846003802116703,,,40,0.82307243
41,4.1077423,6.391011516536312,-2.283269216536312,,,41,0.8232471
42,3.4376514,6.345512587766949,-2.907861187766949,,,42,0.8232663
43,7.6321087,6.300146543988375,1.3319621560116248,,,43,0.8238628
44,5.002431,6.255002241556957,-1.2525712415569572,,,44,0.8248542
45,3.0762014,6.2101973957144265,-3.1339959957144266,,,45,0.8253117
46,7.392673,6.165864592057375,1.2268084079426256,,,46,0.82682496
47,8.010901,6.12341344449328,1.8874875555067208,,,47,0.8272912
48,7.201726,6.080767492170088,1.1209585078299122,,,48,0.82880443
49,5.820295728,6.037870857747122,-0.21757512974712245,,,49,0.8288994
50,5.875475,5.994662938269655,-0.11918793826965501,,,50,0.8294098
51,7.1233253,5.951072147916466,1.1722531520835346,,,51,0.8301093
52,6.3194537,5.907022024964921,0.41243167503507916,,,52,0.83044064
53,5.43943,5.862437106172521,-0.4230071061725216,,,53,0.83170235
54,3.9351199,5.817299662692447,-1.8821797626924468,,,54,0.83194566
55,4.490074,5.771612828884541,-1.2815388288845408,,,55,0.8322839
56,5.6935267,5.7253907417225065,-0.0318640417225069,,,56,0.8330121
57,6.0034413,5.678665929960569,0.3247753700394318,,,57,0.8335661
58,4.92593,5.631477255585451,-0.7055472555854507,,,58,0.8340201
59,6.970648,5.583903419957331,1.3867445800426683,,,59,0.83429587
60,5.4696484,5.536029674122691,-0.06638127412269146,,,60,0.8347873
61,5.4076505,5.487915513209666,-0.08026501320966606,,,61,0.83482087
62,4.693805,5.4395881982576215,-0.7457831982576213,,,62,0.8350667
63,6.7716274,5.391073611078518,1.3805537889214818,,,63,0.8350815
64,6.8324866,5.342373282921044,1.490113317078956,,,64,0.83512974
65,5.669127,5.293478992118439,0.3756480078815603,,,65,0.83536685
66,3.251599,5.244320939219872,-1.9927219392198716,,,66,0.8366107
67,4.5755363,5.194818686803111,-0.6192823868031114,,,67,0.8369641
68,5.898158,5.1449165735790015,0.7532414264209981,,,68,0.8377076
69,5.630577,5.094609296023064,0.5359677039769357,,,69,0.83804446
70,6.4765124,5.043883236358753,1.4326291636412467,,,70,0.83866566
71,4.2149177,4.992701757429308,-0.777784057429308,,,71,0.8388823
72,6.0923986,4.9410728949275535,1.1513257050724466,,,72,0.83891964
73,5.1616464,4.889063245795186,0.27258315420481427,,,73,0.8390563
74,5.513976,4.836760729684686,0.6772152703153145,,,74,0.8393023
75,4.733346404,4.784248478763767,-0.0509020747637674,,,75,0.8394221
76,7.3378105,4.7315695231112285,2.6062409768887713,,,76,0.8395644
77,4.371417,4.6787376231377555,-0.30732062313775543,,,77,0.83996665
78,5.3861113,4.625791261454841,0.7603200385451583,,,78,0.8400733
79,3.6061552,4.572769130477774,-0.9666139304777737,,,79,0.8409384
80,7.0443325,4.519712696003665,2.5246198039963357,,,80,0.84120196
81,5.0966487,4.466632958943054,0.6300157410569467,,,81,0.8412794
82,4.268129,4.413509826752589,-0.14538082675258934,,,82,0.8426309
83,5.2230897,4.360291588865368,0.8627981111346319,,,83,0.8429614
84,3.2563658,4.306894399199036,-1.050528599199036,,,84,0.8435399
85,2.5833673,4.25323269123763,-1.6698653912376304,,,85,0.84473586
86,2.175871,4.199247144249152,-2.023376144249152,,,86,0.8448597
87,3.8536768,4.144901187071443,-0.2912243870714426,,,87,0.84507793
88,5.422401,4.09021379738642,1.3321872026135795,,,88,0.8460572
89,4.2181897,4.035266525786267,0.18292317421373294,,,89,0.8460844
90,4.6502643,3.980101594219995,0.670162705780005,,,90,0.8464141
91,2.5691228,3.9247217203278235,-1.3555989203278234,,,91,0.846564
92,2.5596972,3.8691126164891636,-1.3094154164891636,,,92,0.846635
93,3.5188212,3.8132391526014633,-0.2944179526014632,,,93,0.84686327
94,2.670169,3.7570685659400946,-1.0868995659400946,,,94,0.84687304
95,4.5593123,3.70060714677721,0.8587051532227901,,,95,0.84759885
96,1.6086296,3.643892061315151,-2.035262461315151,,,96,0.84857726
97,1.5448608,3.586969308284011,-2.042108508284011,,,97,0.84973085
98,4.3774524,3.5298878689644915,0.8475645310355087,,,98,0.85021293
99,5.1646295,3.4727324806542685,1.6918970193457317,,,99,0.8502942
100,3.5645566,3.415635162906533,0.14892143709346684,,,100,0.8503323
101,2.9582248,3.3587376564646743,-0.40051285646467427,,,101,0.8506603
102,3.390502783,3.3021534164991184,0.08834936650088165,,,102,0.851231
103,3.2613485,3.2459777322163994,0.01537076778360058,,,103,0.85132843
104,3.7402043,3.190264942602969,0.5499393573970308,,,104,0.8513349
105,3.0535557,3.1350487072594317,-0.08149300725943176,,,105,0.85165966
106,3.070901,3.080337549332712,-0.009436549332711763,,,106,0.8520228
107,2.3002717,3.0260974236097047,-0.7258257236097045,,,107,0.8521673
108,3.6065862,2.972298133255474,0.6342880667445261,,,108,0.8521821
109,2.6164389,2.9189214801758365,-0.3024825801758366,,,109,0.85219455
110,2.946357111,2.8659445193261837,0.08041259167381654,,,110,0.85272515
111,1.6417441,2.8133540472732474,-1.1716099472732475,,,111,0.8529391
112,3.5077863,2.761165515708804,0.7466207842911956,,,112,0.8542523
113,1.9073838,2.7094324548474944,-0.8020486548474943,,,113,0.85485613
114,3.2192187,2.658209583715131,0.5610091162848687,,,114,0.85496694
115,2.941978,2.6075431432742926,0.3344348567257076,,,115,0.85556084
116,1.4562023,2.557473906094782,-1.1012716060947823,1.4749853479439539,-0.0367084612124338,116,0.85574436
117,2.965826,2.508051772367281,0.457774227632719,1.4448832320841203,-0.02152847582865284,117,0.8558824
118,3.6376688,2.459311954126332,1.178356845873668,1.4344288995385612,-0.012284320247515234,118,0.85612917
119,4.055879,2.4112551310539936,1.6446238689460064,1.4553400478841614,-0.0020863307293336143,119,0.8565745
120,2.7529454,2.3638069262796844,0.38913847372031585,1.454204676205673,0.010800207685324121,120,0.8569683
121,1.8869089,2.3168622392549376,-0.4299533392549377,1.3927308389483675,0.05642776985293317,121,0.8572245
122,1.5653807,2.270331043866439,-0.7049503438664391,1.3341133316678988,0.05914765064020767,122,0.8574806
123,4.3305554,2.224157106533651,2.1063982934663485,1.372755279081351,0.04890660425214647,123,0.8577524
124,2.017154,2.1782946002591363,-0.16114060025913624,1.3722675141443814,0.04540977336616479,124,0.85806686
125,0.8406738,2.1327115648993717,-1.2920377648993717,1.3847705062309006,0.047790941718907326,125,0.8585446
126,0.77934825,2.0873873893619384,-1.3080391393619384,1.3969619545172134,0.06333153014494508,126,0.85865426
127,1.5479385,2.0423191141356942,-0.4943806141356941,1.373334023498941,0.07018781800541021,127,0.8588771
128,2.016363,1.9974929332435671,0.01887006675643299,1.372706754211312,0.06888445715653566,128,0.8605656
129,1.1093773,1.9529285874545916,-0.8435512874545916,1.3741383458499792,0.06499831951444758,129,0.8608448
130,2.1663911,1.9086669281069162,0.2577241718930836,1.3687024574937696,0.06433270674880426,130,0.8617287
131,1.7460114,1.864786763035141,-0.11877536303514091,1.3685606363531904,0.06543222275121525,131,0.86219233
132,1.2892354,1.8214052605101025,-0.5321698605101026,1.3608690878854746,0.07523874756399031,132,0.8622803
133,2.6670725,1.778605022956238,0.8884674770437622,1.3533002049375034,0.09251659067608065,133,0.8627069
134,3.5025764,1.7363966000229603,1.7661797999770399,1.3381256554933827,0.10468033489552794,134,0.86295503
135,0.6800793,1.6947537023274812,-1.0146744023274812,1.3468502888582223,0.09166335556021844,135,0.8631629
136,1.9254487,1.653630979118516,0.27181772088148404,1.3269291747618768,0.06804380050722403,136,0.86333734
137,-0.16161093,1.612990404869837,-1.7746013348698368,1.3065179556314677,0.07806823431980153,137,0.863843
138,1.115908,1.5727909429292202,-0.45688294292922027,1.3020804404600768,0.08088476975378205,138,0.8642041
139,3.1814327,1.5330377097473074,1.6483949902526924,1.3262962210148943,0.0790083842091097,139,0.8659281
140,2.950154,1.493752287507295,1.456401712492705,1.318217179298948,0.08837041551222286,140,0.86603045
141,1.129217937714,1.4549211658647387,-0.3257032281507388,1.315890942922211,0.08815799781533512,141,0.86634296
142,0.67296976,1.4165062499662227,-0.7435364899662227,1.3150873821557816,0.08866399571335691,142,0.8666666
143,0.63590825,1.378458071873834,-0.742549821873834,1.319048125265942,0.09082382906435578,143,0.86782444
144,2.391835,1.3407659013422937,1.0510690986577063,1.3200639563680516,0.08054023387022603,144,0.8682991
145,2.2055092,1.303422974497064,0.9020862255029358,1.3220843395454573,0.09002806313011506,145,0.86832315
146,1.2286539,1.266379172538976,-0.03772527253897584,1.3187482092534524,0.09111468340055973,146,0.86842257
147,-1.7826256,1.2295638339688424,-3.0121894339688424,1.3944566621622563,0.09355403104047395,147,0.8685153
148,2.130521,1.1929044170444152,0.9376165829555847,1.374323990581784,0.09119885492752255,148,0.86872697
149,0.35100988,1.1563426273106807,-0.8053327473106807,1.3591729876768517,0.0780457006530602,149,0.8692053
150,0.7659769419139999,1.1197962218765514,-0.35381927996255147,1.353034418126497,0.06939365347373615,150,0.8693161
151,0.08685494,1.0831924125450556,-0.9963374725450556,1.3292428374306073,0.060853608978793106,151,0.86953896
152,-2.104476,1.0464656236642123,-3.1509416236642123,1.405794289708481,0.07667023458583165,152,0.8700956
153,-0.33277872,1.0096023761534847,-1.3423810961534848,1.419573919601502,0.1003708959803985,153,0.8703337
154,0.856536,0.9726357560749699,-0.11609975607496992,1.410239070657919,0.09878182428250613,154,0.8705107
155,0.18453267,0.9355956507271997,-0.7510629807271998,1.4134903746803373,0.09812955119690688,155,0.8710085
156,1.9599481,0.8985236748257223,1.0614244251742777,1.422835567708461,0.08872171576233051,156,0.8711325
157,0.6844929,0.8614587432225848,-0.1769658432225848,1.3929466209630528,0.11587721895915679,157,0.87225366
158,1.0038023,0.8244259363990636,0.17937636360093645,1.3515851112093125,0.0794650844209487,158,0.87247026
159,-0.0035196743,0.7874211109860155,-0.7909407852860155,1.2862099449708901,0.10747111286677934,159,0.8726773
160,2.297415,0.7504278610292222,1.5469871389707777,1.2917254924705417,0.11085760700178353,160,0.87363
161,2.0770166,0.7134805495809814,1.3635360504190186,1.2958594455986718,0.10276275872424515,161,0.8736987
162,2.1686842,0.6766238564156538,1.4920603435843462,1.2307956794064938,0.14696437134908621,162,0.8739565
163,0.36843944189399996,0.6398760802060811,-0.27143663831208115,1.21866664920519,0.12900236094840584,163,0.8741153
164,-0.33947814,0.6032297351058094,-0.9427078751058093,1.1951106360694816,0.11688906152309195,164,0.874185
165,-2.2292862,0.566619518193153,-2.7959057181931533,1.2490208546771344,0.1333505550745649,165,0.87427187
166,-0.81483585,0.5299731067938207,-1.3448089567938206,1.2630228915575112,0.15330640603237053,166,0.874279
167,0.9999218,0.49328630975525817,0.5066354902447419,1.265791689304716,0.14851834323251117,167,0.87446564
168,1.7345058,0.45662244397726903,1.277883356022731,1.2681316259069744,0.14954976923739646,168,0.874489
169,0.8273764,0.4200472571238529,0.40732914287614713,1.2680903475203427,0.1541617724142022,169,0.8749363
170,0.38389766,0.3835933071320903,0.0003043528679096963,1.2669677584457757,0.15147996982805031,170,0.8749587
171,1.0747702,0.3473125675114632,0.7274576324885367,1.2429958768659142,0.13800613268992284,171,0.8750327
172,1.0224928,0.31131309679979924,0.7111797032002007,1.2340537522753667,0.14199621040761387,172,0.875343
173,0.1230811,0.2757006858985329,-0.15261958589853292,1.2342105914015897,0.14112465618585054,173,0.8754712
174,1.1552608,0.24054893408536376,0.9147118659146363,1.2406658098672023,0.1417732352412498,174,0.8755987
175,0.07060089,0.20591558846180852,-0.13531469846180852,1.2366301022611634,0.14855731818378895,175,0.8757018
176,2.931329,0.17185361240900046,2.7594753875909994,1.285734913328785,0.14392545262686474,176,0.8763022
177,2.0525925,0.1383892899065246,1.9142032100934752,1.3168514254522405,0.17332863573505233,177,0.8768531
178,-0.1848221,0.10552046055828376,-0.2903425605582838,1.3175959555740286,0.1671581282595193,178,0.8772231
179,-3.0139902,0.07319483623275513,-3.087185036232755,1.3953398942873494,0.17636649427595155,179,0.8772338
180,0.90151095,0.04136303776473574,0.8601479122352643,1.3852616771079784,0.1428825810211395,180,0.8779112
181,-0.009352691,0.00995195721492103,-0.01930464821492103,1.3658224539729462,0.13987204731970268,181,0.8780187
182,-0.4512995,-0.02114093369948998,-0.43015856630051,1.3659031100210286,0.1466234850529436,182,0.8781964
183,-1.7918663,-0.05199762373427698,-1.739868676265723,1.3578707360821938,0.14405362383524306,183,0.8787472
184,0.35500467,-0.08271731558647948,0.4377219855864795,1.3565482963763535,0.14098552613423682,184,0.87916887
185,0.9205149,-0.11337939131513919,1.0338942913151392,1.3609326099168848,0.14113542673565926,185,0.8796859
186,-0.8604109,-0.14410052893617004,-0.7163103710638299,1.362519987976663,0.13172629675979527,186,0.8801077
187,-0.6877815,-0.17503304801055108,-0.512748451989449,1.3460762969340478,0.1416528348230687,187,0.88018423
188,-0.7838556,-0.20628646293589753,-0.5775691370641025,1.3438673655456717,0.14969974274412762,188,0.8802126
189,0.262566,-0.2379482294334775,0.5005142294334775,1.334154343944524,0.1457913685788635,189,0.88046074
190,1.1057532,-0.27007944113649907,1.3758326411364992,1.3505504224491531,0.14851281106986722,190,0.8805983
191,-0.19619927,-0.30275791063564206,0.10655864063564205,1.3463454979159701,0.14916542116354833,191,0.8807963
192,-0.8177727,-0.33609430290445036,-0.48167839709554966,1.3480279050944164,0.15235848224896967,192,0.8809821
193,-3.042321,-0.3701943236971958,-2.672126676302804,1.345186226965521,0.16382804260903522,193,0.8810101
194,-0.18859264,-0.40511191852476847,0.21651927852476846,1.3455392384229907,0.15679730227955996,194,0.88142407
195,-2.611796,-0.4408276237195061,-2.170968376280494,1.3763960789720926,0.15603765362159688,195,0.8819056
196,-0.37049988,-0.4772787401609779,0.10677886016097787,1.3703406044752224,0.1696261057520049,196,0.88220793
197,-1.7328182,-0.5143567634692208,-1.2184614365307793,1.3208285148556287,0.15840524164733388,197,0.8823604
198,0.14364782,-0.5519625438154486,0.6956103638154486,1.3217249582260606,0.15189112585842993,198,0.8823747
199,0.91016066,-0.5899636512942978,1.500124311294298,1.3444186982862818,0.15955746544914134,199,0.88279045
200,-3.8170576,-0.6282196204494624,-3.1888379795505375,1.4163848831578756,0.1289918330057648,200,0.8828594
201,0.743962,-0.6666181680476916,1.4105801680476917,1.4299478064523095,0.08817214199204039,201,0.8829086
202,-1.8950562,-0.7050840760673851,-1.1899721239326149,1.4191677426538047,0.0604725826869849,202,0.8829401
203,-0.84835327,-0.7435614127296424,-0.10479185727035767,1.387832104296288,0.058747217455949415,203,0.8831111
204,-3.2569125,-0.7820366177412689,-2.474875882258731,1.4354631631429695,0.05973820669370219,204,0.88324416
205,-1.130312,-0.8205040673825411,-0.30980793261745887,1.4171900385009855,0.05865316502849557,205,0.8834841
206,1.8705974,-0.8589778696968466,2.7295752696968467,1.4868564706805543,0.05294328237509091,206,0.88361895
207,1.5925716,-0.897472637403659,2.490044237403659,1.5399420008430427,0.09944937597144937,207,0.8836748
208,-1.8323104,-0.9360214279307694,-0.8962889720692305,1.531833273722061,0.0777704151095472,208,0.8837982
209,-0.9580890869999998,-0.9746153433123805,0.016526256312380694,1.5192123512998854,0.07605785356373018,209,0.88385594
210,-2.464338,-1.0132036868239815,-1.4511343131760186,1.5347507495752692,0.07390581684603031,210,0.8843251
211,-1.8717825,-1.0516704203948377,-0.8201120796051622,1.530813095174405,0.08477407477388174,211,0.8845
212,0.68465835,-1.0898620153037162,1.774520365303716,1.5530612901326555,0.08786431443610095,212,0.8845253
213,0.25185472,-1.127625882240998,1.379480602240998,1.5381072117355672,0.08163278034342981,213,0.88472414
214,-1.408545,-1.1648919710878372,-0.24365302891216278,1.5042693938586025,0.09082772746747385,214,0.8853774
215,-2.6010122,-1.2016721539909292,-1.3993400460090708,1.5128834296598053,0.08380645002138795,215,0.88543344
216,0.41509512,-1.2379899290463123,1.6530850490463123,1.5117218876274832,0.0679481007394417,216,0.88544905
217,0.14581966,-1.2738219483291442,1.419641608329144,1.5301761651249866,0.08186263814629786,217,0.8860021
218,-1.48908,-1.309127234793375,-0.17995276520662506,1.5292689360706517,0.08057876947884544,218,0.88602245
219,-1.4095874456,-1.343885402710851,-0.06570204288914883,1.5291023983968213,0.08053711006762779,219,0.8861965
220,-0.52789825,-1.3780986201990861,0.8502003701990861,1.5360293775685248,0.08013866983786944,220,0.8863148
221,0.44638035,-1.4117900608492908,1.858170410849291,1.5640743458516635,0.08890600172848974,221,0.8865238
222,-2.039127,-1.4450375073956956,-0.5940894926043045,1.5667423371780755,0.08210724613699275,222,0.8865457
223,0.35412166,-1.4779568903429159,1.8320785503429158,1.5966368396935375,0.07580998635511295,223,0.88662195
224,-4.0517673,-1.5107020962380902,-2.5410652037619097,1.6468165480687118,0.05161921088727929,224,0.88664806
225,0.538516,-1.5433960860570333,2.0819120860570335,1.6815043452754794,0.0236136003681918,225,0.8867306
226,-1.4803191,-1.5761131305698102,0.09579403056981017,1.6809581321939202,0.024777403577249356,226,0.88696635
227,-4.2665815,-1.6089422350473965,-2.6576392649526035,1.740195111351172,0.023446827018509538,227,0.8870819
228,-1.2550063,-1.6420013847636772,0.38699508476367717,1.7306965596796573,0.02204508684254198,228,0.88719654
229,-2.7855973,-1.6753711518756977,-1.1102261481243023,1.735232646787977,0.022752412599045584,229,0.88732356
230,-0.6523524,-1.7090987776999749,1.0567463776999748,1.7405992813289914,0.019115713782796792,230,0.8873398
231,-1.9135644,-1.7432157818451468,-0.17034861815485325,1.73769127144835,0.017255363523522776,231,0.8874482
232,-2.895933,-1.7777892292118793,-1.1181437707881206,1.7463875394705775,0.019925056467815526,232,0.887483
233,-0.76410055,-1.8128494134815836,1.0487488634815836,1.7469576415347203,0.01668533373657162,233,0.8879409
234,-4.4165173,-1.8483720096238212,-2.5681452903761786,1.799640029878155,0.00010188131183868585,234,0.8881733
235,-1.0047067,-1.884357771275598,0.8796510712755978,1.794033653950772,-0.02176290206943519,235,0.88818854
236,-2.3865662,-1.9208146729703837,-0.4657515270296162,1.7700436679751363,-0.02758832294410202,236,0.88826483
237,-2.8839781,-1.9577917306418164,-0.9261863693581838,1.7742163614957274,-0.025184367651775882,237,0.8882707
238,-4.974489,-1.9953415149608515,-2.9791474850391486,1.844693172968638,-0.014112461354518558,238,0.8891019
239,-2.6707447,-2.033487384837424,-0.637257315162576,1.8440402183373554,-0.000525094959653375,239,0.88947743
240,-0.99016213,-2.0722211089680873,1.0820589789680874,1.813840518506753,-0.003132648173003338,240,0.8895967
241,-0.6635188,-2.111538616565593,1.4480198165655933,1.8348338193235025,0.005589209931422818,241,0.88987553
242,-1.6370587,-2.15145709864021,0.5143983986402099,1.825796005392523,0.003188300038327389,242,0.88990915
243,-4.6916785,-2.191953329549423,-2.499725170450577,1.8629410741798051,-0.005982790031831796,243,0.8899743
244,-1.1812482,-2.2330144677267816,1.0517662677267816,1.872889455536969,-0.0184205469290994,244,0.89003193
245,-1.7102462,-2.2745941716120215,0.5643479716120214,1.876436635743145,-0.014567464914251264,245,0.89053315
246,-1.8373964,-2.316672525126578,0.4792761251265778,1.874051818119641,-0.011744560686657633,246,0.8905775
247,-2.927826,-2.3591915530142837,-0.5686344469857163,1.8751916613822817,-0.012924061634176759,247,0.8907382
248,-1.7987239,-2.4020375538953918,0.6033136538953918,1.8791527826911365,-0.014528506228926838,248,0.89095736
249,-3.9098725,-2.4450950477657694,-1.4647774522342307,1.8939728170705852,-0.016754301812221848,249,0.8910241
250,-2.9117496,-2.4882017774785377,-0.42354782252146217,1.886760127586239,-0.023083605758180446,250,0.89108026
251,-4.667755,-2.5311705747810427,-2.136584425218957,1.8919095440162002,-0.012308807530462864,251,0.8914245
252,-2.4322996,-2.5738118319225594,0.14151223192255946,1.8856069696157955,-0.013013958395557523,252,0.89155126
253,-3.1568723,-2.6159684650345763,-0.5409038349654236,1.8858255336654268,-0.010622872553395179,253,0.8915575
254,-1.1737909,-2.6574908871062712,1.4836999871062713,1.8837493963220933,-0.016474834271440156,254,0.8918178
255,-3.3589718,-2.6982064742597567,-0.6607653257402433,1.8853782872100218,-0.017691475243210814,255,0.89206564
256,-1.6865436,-2.7379094063189124,1.0513658063189124,1.870465486082791,-0.03364704368502014,256,0.892231
257,-2.0821574,-2.7764289470793218,0.6942715470793219,1.8549599658193556,-0.027752000106804155,257,0.8924258
258,-1.2028636,-2.81365375556097,1.6107901555609703,1.8797402974443924,-0.02185077992531285,258,0.8927017
259,-3.6257062,-2.849533564026142,-0.7761726359738583,1.8801163656382893,-0.02908984729700205,259,0.8928633
260,-3.552212,-2.8840598885746718,-0.6681521114253282,1.8793287604091558,-0.0238653162912969,260,0.89287317
261,-2.9543532668,-2.9172241355477015,-0.03712913125229855,1.868021982818394,-0.029486666902052008,261,0.8934351
262,-0.67299485,-2.9490062169227236,2.2760113669227238,1.9079013200535737,-0.028722275480605148,262,0.89347404
263,-0.42248002,-2.979444007000059,2.556963987000059,1.967718285938174,0.0006015674512732652,263,0.89391965
264,-2.0180063,-3.008633839143397,0.990627539143397,1.9013622683291016,0.026054460199225696,264,0.8940246
265,-3.0745277,-3.0366700864003686,-0.03785761359963136,1.893184465606419,0.02950687680921698,265,0.89438266
266,-2.7288868,-3.0636742551797025,0.3347874551797023,1.8892605293906326,0.028411415316670487,266,0.8944024
267,-4.026207,-3.089801299861792,-0.9364057001382085,1.8954062162526266,0.025471207270666145,267,0.894969
268,-3.6321976,-3.115251653725685,-0.5169459462743151,1.8894309439338022,0.013997119504632134,268,0.89519674
269,-6.158992,-3.1402100025070867,-3.018781997492913,1.882472598199612,0.0015592496813519423,269,0.8952425
270,-3.011335,-3.1648323099042757,0.1534973099042758,1.867763997934268,-0.001450359051432461,270,0.8953276
271,-3.3846319,-3.189256368326723,-0.19537553167327681,1.8679521400989392,-0.0019290862695371359,271,0.8954366
272,-4.2012625,-3.2135992873527193,-0.9876632126472811,1.871419250265051,0.0025674561591482094,272,0.8957256
273,-4.050085,-3.2380001430202427,-0.8120848569797574,1.866473001417013,0.006774393537627725,273,0.8957277
274,-3.1750972,-3.262568369914047,0.08747116991404669,1.8664300758278785,0.006465800251455982,274,0.8960524
275,-3.1537917,-3.2873656002117158,0.13357390021171556,1.8662793437933602,0.007323604313706761,275,0.8962002
276,-2.447235,-3.312436033700386,0.8652010337003859,1.8681252650852864,0.013620052847287503,276,0.89622074
277,-4.4466233,-3.3378292269820133,-1.1087940730179864,1.856637423900588,-0.0011532945207972567,277,0.8962706
278,-2.334264,-3.363565095371665,1.029301095371665,1.8494860374002906,-0.016847537990279608,278,0.89627445
279,-1.8732737,-3.3896233186843605,1.5163496186843606,1.8501351873392322,-0.007219141281552506,279,0.89642084
280,-5.1553383,-3.4159925864226715,-1.739345713577329,1.874262837379788,-0.02036311430115737,280,0.8969446
281,-2.8210802,-3.4426635230550997,0.6215833230550998,1.8713253597577313,-0.03743659638953432,281,0.89702976
282,-6.1825967,-3.469624288977258,-2.7129724110227422,1.8674506148068053,-0.06305025090432312,282,0.89703405
283,-4.748956,-3.4968819788802543,-1.2520740211197454,1.8654446883308304,-0.04362849849752647,283,0.8971269
284,-6.307907,-3.524439623998737,-2.7834673760012634,1.926759394486361,-0.03127524176261689,284,0.89729214
285,-4.4204097,-3.552287102371232,-0.8681225976287683,1.9161909293113464,-0.024309901531585673,285,0.8973021
286,-5.4972687,-3.5804145665229745,-1.9168541334770257,1.942434408720734,-0.01801787432056968,286,0.8974638
287,-6.1898255,-3.608826626198014,-2.5809988738019864,1.9944844855930528,0.0014852710344336615,287,0.89751154
288,-1.8356378,-3.6375012977820065,1.8018634977820065,2.0202687501644125,-0.022135411911589194,288,0.8978033
289,-5.2248235,-3.6663715105911066,-1.5584519894088937,2.031666550775247,-0.03357523833849491,289,0.89781845
290,-2.0499501,-3.6953598484066887,1.6454097484066885,2.058971114970802,-0.043933025069997134,290,0.89784515
291,-6.021205,-3.724394637718146,-2.296810362281854,2.0894598528486212,-0.05935759200328017,291,0.89800537
292,-3.115395,-3.7534064873045896,0.6380114873045897,2.094822357229519,-0.06712313702464523,292,0.89819336
293,-3.133941,-3.78230087187772,0.6483598718777199,2.0271036742528055,-0.09223111547717751,293,0.89826465
294,-4.0880165,-3.8109857301701346,-0.2770307698298655,1.9895681184331617,-0.0923330260855204,294,0.8983704
295,-2.857017,-3.83933399822387,0.9823169982238702,2.001084789103552,-0.09565957837908887,295,0.89871895
296,-0.7755195,-3.8671957501756977,3.0916762501756976,2.016987190304735,-0.06616636168296211,296,0.8989756
297,-3.0382538,-3.894437759857865,0.8561839598578649,2.0169202948343945,-0.051554088341585425,297,0.8991484
298,-3.6002908,-3.9209559903091087,0.3206651903091089,2.018502230955253,-0.04945615595109133,298,0.8993543
299,-1.5843097,-3.9466923337131834,2.3623826337131835,2.0701126579859443,-0.046688166604170356,299,0.899576
300,-3.8396080154000005,-3.971620113306961,0.13201209790696034,2.046938607658164,-0.04058033421238782,300,0.89976245
301,-2.1387155,-3.99572853215039,1.8570130321503902,2.0767727369698306,-0.041077638640816455,301,0.8999001
302,-3.9461737,-4.019067070812819,0.07289337081281921,2.066446059266227,-0.036731625285783435,302,0.90000564
303,-4.753425,-4.041731764576931,-0.711693235423069,2.066395107192274,-0.038327483758276534,303,0.9003967
304,-3.7115893,-4.063863765683621,0.352274465683621,2.0662458683669023,-0.0403866946113879,304,0.9005391
305,-2.8645,-4.085563858281857,1.2210638582818567,2.078048458040492,-0.036859784567156155,305,0.9006745
306,-4.0537367,-4.106894068201603,0.053157368201603106,2.0755038577931177,-0.039658241049050254,306,0.9010443
307,-2.900411,-4.127886675359654,1.2274756753596536,2.0720321190723197,-0.04008907806396281,307,0.90115416
308,-5.1679997,-4.148637550152614,-1.0193621498473862,2.079706582971119,-0.044736263617493395,308,0.9012499
309,-3.8795438,-4.169307045426423,0.2897632454264234,2.0792626232694134,-0.051330388009812496,309,0.9015145
310,-2.0658934,-4.1900392119113175,2.1241458119113172,2.0598124868902357,-0.045761360617369864,310,0.9015511
311,-5.5767884,-4.210924422665333,-1.3658639773346666,2.074807522207013,-0.05559719199266176,311,0.90192634
312,-4.081758,-4.2320046420373645,0.1502466420373647,2.0352481136721017,-0.055766141805862084,312,0.9019719
313,-6.0342875,-4.253304028828849,-1.780983471171151,2.06184152086844,-0.05617728748559684,313,0.90204966
314,-4.024335,-4.274819423173359,0.2504844231733596,2.0501366126300664,-0.05441687629352242,314,0.90216005
315,-4.8649955,-4.296496945464385,-0.5684985545356147,2.048294690117782,-0.05995421375975058,315,0.90227175
316,-4.1713948474,-4.318273220829032,0.14687837342903176,2.0283309987412665,-0.0409001693550938,316,0.90234756
317,-4.804723,-4.340114642221106,-0.46460835777889375,1.9437652098076945,-0.022152896802981357,317,0.9023497
318,-5.1432543,-4.362024725585841,-0.7812295744141586,1.9309664852362813,-0.013307033577660138,318,0.9024276
319,-5.4630256,-4.384007819404144,-1.0790177805958558,1.9288591257115635,-0.010138842266912678,319,0.9025168
320,-4.2574260954,-4.40605094195012,0.14862484655012054,1.929091825080352,-0.011916108415600745,320,0.9027223
321,-1.2063506,-4.428185349583833,3.221834749583833,1.9663555244054653,-0.012842993597277927,321,0.90280694
322,-6.901436,-4.450452721112989,-2.450983278887011,2.0176579457550208,-0.043463370681398786,322,0.90283555
323,-2.452467,-4.472899184596329,2.0204321845963293,1.988584253365106,-0.09650692680081072,323,0.90296054
324,-4.0975533,-4.495568446536776,0.3980151465367756,1.9359624805007696,-0.0834453308117924,324,0.9032928
325,-5.7843556,-4.518521338648389,-1.2658342613516105,1.9426886571540505,-0.08544442296201757,325,0.903377
326,-3.6572363,-4.541837173641102,0.8846008736411015,1.9497802836665337,-0.0901343783106024,326,0.9033789
327,-7.6242266,-4.56552367245048,-3.05870292754952,2.0115469014510663,-0.10575275784855195,327,0.9035328
328,-4.571606,-4.5895263688069,0.017920368806899845,2.0061807938539546,-0.09891260333541609,328,0.9035586
329,-7.0766516,-4.6138096280962015,-2.4628419719037984,2.0280926882497856,-0.11060022720116802,329,0.90358
330,-5.1277447,-4.638338687048018,-0.4894060129519824,2.011486392678053,-0.10438352168222642,330,0.90367484
331,-5.050803,-4.663093803566534,-0.387709196433466,2.0120744092572975,-0.10512213449776085,331,0.9037851
332,-4.730004,-4.688074297360825,-0.04192970263917495,1.9969349144005848,-0.09626579857703817,332,0.903799
333,-3.1921825,-4.7132939163255205,1.5211114163255206,1.9931677282037543,-0.1079373636323952,333,0.9040392
334,-3.845579,-4.738746695475037,0.8931676954750367,1.9820234573792355,-0.10019012914958933,334,0.90435076
335,-5.4745393,-4.764443256565333,-0.7100960434346666,1.9853979455336153,-0.10257185372029234,335,0.90443015
336,-6.6981006,-4.790409750661479,-1.907690849338521,2.014003349868557,-0.09700488761242365,336,0.9044706
337,-3.1745253,-4.8166289672813525,1.6421036672813525,2.0322528634644246,-0.11825517374000996,337,0.9046156
338,-4.3970413,-4.843059292079835,0.4460179920798355,2.0019351611263407,-0.11015987363327093,338,0.9046423
339,-6.860177,-4.869628146266376,-1.9905488537336238,2.0305192507395433,-0.1104792480708322,339,0.9046584
340,-4.01355,-4.896320699432087,0.8827706994320863,2.0064171757855775,-0.09930721437841897,340,0.90475994
341,-3.4352455,-4.923136625724085,1.4878911257240852,1.9769221192863347,-0.07038329529006287,341,0.904882
342,-6.6916447,-4.9500849115120875,-1.7415597884879128,1.959038786955011,-0.08379280692660301,342,0.90516424
343,-4.267826,-4.977211802243377,0.7093858022433768,1.9645125723034933,-0.0879639407200112,343,0.9051821
344,-6.2654037,-5.004537138438238,-1.2608665615617625,1.9198875520226264,-0.08759182679686237,344,0.9052251
345,-4.1371536,-5.032038290369579,0.8948846903695786,1.9263590355688105,-0.09035371544188252,345,0.90525
346,-3.7075627,-5.059691315925493,1.3521286159254928,1.9351194469456234,-0.07861212004203541,346,0.9052609
347,-6.3493295,-5.087505685309189,-1.2618238146908105,1.9358292353672493,-0.08535645677865715,347,0.90536463
348,-6.5919538,-5.115472088002616,-1.4764817119973834,1.9521140558253958,-0.07810495337438676,348,0.90545774
349,-7.336068,-5.143542626840801,-2.1925253731591994,1.980731287558459,-0.05954972668347168,349,0.9054761
350,-3.0119646,-5.1716458194421095,2.1596812194421093,2.013570931286517,-0.06742377531682839,350,0.9056537
351,-4.372885,-5.199671369617729,0.8267863696177287,1.9679357272956468,-0.048058631422235716,351,0.9057109
352,-3.3359199,-5.227506401546688,1.8915865015466884,1.9933705565297415,-0.03821836912426822,352,0.9059244
353,-8.596084,-5.25505176819092,-3.3410322318090797,2.0837548701369517,-0.06574357519065431,353,0.9064752
354,-6.4731154,-5.282253577463712,-1.190861822536288,2.0881582522425086,-0.06044219848746132,354,0.90659565
355,-2.7546961,-5.309082947149468,2.5543868471494684,2.074676121731143,-0.07990427627445908,355,0.9068693
356,-3.809151,-5.335493508605279,1.5263425086052793,2.0926830765234743,-0.058939649156499956,356,0.9069881
357,-1.817801,-5.36143372098797,3.5436327209879694,2.1916236203187953,-0.04157909122743094,357,0.907031
358,-6.1356745,-5.386840674699771,-0.7488338253002293,2.1777278008746555,-0.05408572258855377,358,0.9070553
359,-4.6907873,-5.411608810594353,0.7208215105943525,2.180017645642074,-0.051436812446664454,359,0.9070593
360,-3.5632806,-5.435655916400542,1.8723753164005417,2.1568410553105513,-0.035659937607343414,360,0.9070856
361,-3.949972,-5.458922853411703,1.5089508534117035,2.1668197897904395,-0.02645046929985793,361,0.90721625
362,-6.0087266,-5.481422931156052,-0.5273036688439481,2.1666915890554366,-0.030587944102561947,362,0.9073925
363,-5.346524,-5.503176484730414,0.15665248473041427,2.1649544418970246,-0.029842701668398385,363,0.90741247
364,-5.7268353,-5.524185034445243,-0.20265026555475707,2.162484083199765,-0.02863465515551397,364,0.9075844
365,-2.9887447,-5.544431116880884,2.555686416880884,2.215122084540412,-0.026994566763488444,365,0.9077459
366,-8.326802,-5.563895327504852,-2.7629066724951485,2.262848424288956,-0.05633820189091648,366,0.907809
367,-4.458425,-5.582579480959686,1.1241544809596862,2.271672493795298,-0.0713463347897164,367,0.90795743
368,-5.4787006,-5.60052176983984,0.12182116983984059,2.2310496493638508,-0.07069254921890492,368,0.9080693
369,-5.644379,-5.617772707423783,-0.026606292576216717,2.2310130326967053,-0.07054159102628302,369,0.908174
370,-6.797117,-5.63438696931945,-1.1627300306805504,2.2405898156136326,-0.06704201299139226,370,0.9085109
371,-6.62171,-5.6504303800747495,-0.9712796199252507,2.2309428316667947,-0.058581667883700665,371,0.9085212
372,-2.1614163,-5.665908300555199,3.5044920005551994,2.3304966915182996,-0.0677768832797816,372,0.9086723
373,-4.9844613,-5.680780460658796,0.6963191606587955,2.3254651001457005,-0.060435279403135256,373,0.908694
374,-8.710462,-5.695022535395482,-3.0154394646045173,2.401904390727688,-0.0707354303225927,374,0.90881705
375,-7.4926667,-5.7086083882104495,-1.7840583117895505,2.4072184771525555,-0.04553884287142552,375,0.9088485
376,-8.858669,-5.721546555158809,-3.137122444841192,2.4860337250036753,-0.026706446013780537,376,0.9090423
377,-7.8412085,-5.733834306856233,-2.107374193143767,2.519559689192504,-0.0037657104192855935,377,0.9090856
378,-8.387982,-5.745499602219479,-2.64248239778052,2.577319442171182,0.014550036145711924,378,0.90909755
379,-5.6825330880000005,-5.756577308419055,0.07404422041905434,2.5298807804750862,-0.00822829778371713,379,0.90918195
380,-6.47231,-5.767142273432785,-0.7051677265672156,2.4723008076121666,-0.01893919393054213,380,0.90926003
381,-6.191112,-5.77728990901111,-0.4138220909888908,2.4624646531445538,-0.01869236609221791,381,0.90933573
382,-5.896381,-5.7870676997733455,-0.10931330022665442,2.4624024055276066,-0.018851678461060725,382,0.90934944
383,-5.619074,-5.796510173884349,0.17743617388434885,2.4613682251816122,-0.01754460295888526,383,0.9093679
384,-4.847296,-5.805679902362946,0.9583839023629457,2.4655711723455447,-0.017554688245816703,384,0.90936816
385,-8.273426,-5.814645691180831,-2.4587803088191693,2.5114385682911466,-0.030631391121039683,385,0.90953046
386,-6.63587,-5.8234375808968535,-0.8124324191031462,2.4430085459555646,-0.02221956940760757,386,0.9097476
387,-6.2357707,-5.832060163349391,-0.40371053665060863,2.4431566805210796,-0.021390172390879144,387,0.9097659
388,-7.537936,-5.840544116787256,-1.6973918832127444,2.464596575354343,-0.019949561970123098,388,0.9098497
389,-5.661693,-5.848879382714649,0.18718638271464894,2.458917738508105,-0.023712914141898987,389,0.90995574
390,-5.1995726,-5.857031889682109,0.6574592896821096,2.4597100727331322,-0.02242642719095206,390,0.9102966
391,-6.4043174,-5.865019328226505,-0.5392980717734952,2.46101689098076,-0.023720855928387782,391,0.91035026
392,-7.744456,-5.872883380981961,-1.8715726190180382,2.4870412316703483,-0.021815358055834216,392,0.9106941
393,-6.1990314,-5.8806874886560845,-0.3183439113439155,2.478811798862162,-0.017257290919870365,393,0.9108054
394,-4.6232667,-5.888426788442009,1.2651600884420091,2.487118723891452,-0.014240067177220607,394,0.91096085
395,-7.128749,-5.896025697336922,-1.2327233026630777,2.4862380639437722,-0.02624990338656626,395,0.9110679
396,-4.383877,-5.903399966655905,1.519522966655905,2.4863284431583863,-0.023373551126054347,396,0.9114295
397,-4.180481,-5.910496248719262,1.730015248719262,2.4931738495232407,-0.008509309785620797,397,0.9114706
398,-4.9193573,-5.91733719016041,0.9979798901604102,2.4990952940286246,0.005252550318281795,398,0.91180927
399,-7.6418552,-5.9239125823637275,-1.7179426176362727,2.462748434545061,-0.011827515888546653,399,0.91181576
400,-6.8226156,-5.9301639187987165,-0.8924516812012833,2.45666435361538,-0.018469531663412458,400,0.9123185
401,-6.25064,-5.936006378569778,-0.31463362143022167,2.394087186953977,-0.025825464336694758,401,0.91236186
402,-3.5187147,-5.9414025351317425,2.4226878351317427,2.441270700410335,-0.033369703582837036,402,0.9125271
403,-5.4805655,-5.946408372309294,0.46584287230929444,2.412701660575646,-0.04677305661069331,403,0.9127021
404,-3.4300902,-5.951094463437966,2.5210042634379657,2.409894695880606,-0.0258825641657217,404,0.9127031
405,-6.414105,-5.955574704269753,-0.45853029573024706,2.3842660990461195,-0.019894879766247344,405,0.9129739
406,-5.5482574,-5.9600133302725435,0.41175593027254376,2.3643546324766933,-0.011353439237601197,406,0.9130964
407,-7.7690463,-5.964598655888333,-1.8044476441116677,2.3694706332178113,-0.00020798364667996402,407,0.9132955
408,-5.696385658,-5.969532752222309,0.27314709422230976,2.324515691678065,0.0033954165922010253,408,0.9135244
409,-2.8924217,-5.97501411367126,3.08259241367126,2.4019052154878486,0.004844070768519803,409,0.91353506
410,-5.1256166,-5.981243421227973,0.8556268212279727,2.4044656717812534,0.01449918389530568,410,0.913562
411,-5.1298327,-5.988439632071638,0.8586069320716385,2.4093519362262477,0.01796062530897073,411,0.91356266
412,-4.6091614,-5.996807370116647,1.3876459701166475,2.417298916917052,0.011752531216840863,412,0.91358936
413,-5.920209,-6.00654820003709,0.08633920003708973,2.3368647072216286,0.0028079903798738717,413,0.91390455
414,-5.0822425,-6.017836738718878,0.9355942387188776,2.3380581686220903,0.0021015862598811035,414,0.9142978
415,-7.049623,-6.0307952248133025,-1.0188277751866979,2.346554717262538,-0.004020161987770057,415,0.91434807
416,-5.1803737,-6.045491169951065,0.8651174699510653,2.305068752921685,-0.008588432120854313,416,0.91457033
417,-4.5065255,-6.061976874513821,1.5554513745138205,2.3256190722420578,-0.0044678423223684545,417,0.9146203
418,-3.4091942,-6.08031388968688,2.67111968968688,2.3571744585014573,0.010505623094273471,418,0.91481733
419,-5.7139077,-6.100588825575476,0.3866811255754756,2.358305308680082,0.014089943061514938,419,0.91493684
420,-5.84987,-6.122850156371698,0.27298015637169826,2.3541345662185713,0.015300554010589133,420,0.9150964
421,-7.289678,-6.147055209915008,-1.1426227900849923,2.3649417842681544,0.012834111975457783,421,0.9153037
422,-4.8204494,-6.173140046371944,1.3526906463719435,2.367820715965839,0.0069403872261075755,422,0.91542184
423,-6.510083,-6.201062443842007,-0.30902055615799284,2.3687277327044,0.005187271456731778,423,0.9155168
424,-4.393318,-6.243485891067077,1.850167891067077,2.385050732390336,0.007628890867420502,424,0.91554385
425,-7.5127454,-6.287272030725503,-1.2254733692744972,2.3891112352364674,0.0002928742370592658,425,0.91624725
426,-7.1528835,-6.332075216713183,-0.8208082832868167,2.3944747093631285,0.001988500034991498,426,0.91625875
427,-2.3631356,-6.377588111142464,4.014452511142464,2.4939237481203707,0.0006201024393467131,427,0.9163312
428,-7.735958,-6.423590420767704,-1.312367579232296,2.492664422904088,-0.01747984656965637,428,0.91649616
429,-8.361954,-6.469943498817013,-1.8920105011829875,2.5239535228630468,-0.007768607417417566,429,0.916724
430,-5.1074467,-6.516561135029235,1.4091144350292355,2.512481999339724,-0.015468967300484445,430,0.9169733
431,-6.1272783,-6.563389602066017,0.436111302066017,2.5134621075085777,-0.013082350985196315,431,0.9177081
432,-6.3662314,-6.610400236815764,0.2441688368157635,2.5106109132355696,-0.012597020766500157,432,0.91798294
433,-6.999205,-6.657578565177204,-0.3416264348227962,2.5117907699732047,-0.012684100328461442,433,0.91862684
434,-5.094437,-6.70491684627283,1.6104798462728303,2.530518281389105,-0.01616415603789734,434,0.9191241
435,-7.1305733,-6.752410335998268,-0.3781629640017323,2.526072200379534,-0.021809526011864776,435,0.91919535
436,-8.198383,-6.800057899176758,-1.398325100823242,2.533224188861808,-0.01921084729094548,436,0.91936773
437,-9.892555,-6.847857581379614,-3.0446974186203857,2.6154502333939056,-0.004737241395804948,437,0.9196216
438,-8.361331,-6.895803963665867,-1.4655270363341328,2.545430368534614,0.03774608999347725,438,0.919639
439,-5.4408383,-6.943888053329878,1.5030497533298774,2.5125313097111213,0.047631752787437684,439,0.919686
440,-6.0385656,-6.99209947470859,0.9535338747085902,2.4855639916519534,0.049904896857600904,440,0.9197592
441,-5.755938,-7.040431146437123,1.2844931464371223,2.498113336332557,0.05570539062218439,441,0.92100114
442,-5.7873693,-7.088879281841349,1.301509981841349,2.4973562124320625,0.06494146669634032,442,0.92102104
443,-8.163798,-7.137443181368067,-1.0263548186319325,2.5009351171418306,0.07029598476434966,443,0.92120457
444,-3.5930767,-7.186124081629422,3.5930473816294217,2.5249232741991046,0.05605146294022669,444,0.92133737
445,-4.3394074,-7.234922477414081,2.895515077414081,2.592298024591378,0.08769975980912337,445,0.9214334
446,-6.287605,-7.283841044030441,0.9962360440304412,2.541061104074294,0.09008854747345153,446,0.92148954
447,-4.887947,-7.3328855029336735,2.444938502933674,2.58278106639293,0.09473445884111295,447,0.92172915
448,-8.310358,-7.38206375338736,-0.9282942466126407,2.5904365386500166,0.08504088769314352,448,0.92195463
449,-3.2456594,-7.431385520976567,4.185726120976567,2.728402345581934,0.06955974239198781,449,0.92255765
450,-8.398775,-7.480859324630523,-0.9179156753694775,2.7235732978842386,0.0508794629982324,450,0.92274094
451,-8.679627,-7.530493628229382,-1.1491333717706178,2.7339818186003075,0.05730517683407234,451,0.92324394
452,-6.345601,-7.580294826384003,1.234693826384003,2.737170715282705,0.047273027615023513,452,0.923287
453,-7.552706,-7.630267347299596,0.0775613472995964,2.6995517142377006,0.05704462172833838,453,0.92331564
454,-8.47727,-7.680416725654104,-0.7968532743458967,2.6894353623703786,0.05622986147623913,454,0.92365754
455,-10.322787,-7.730748394760603,-2.592038605239397,2.753949854115341,0.06630748846287682,455,0.92368954
456,-8.43092,-7.781265593028961,-0.649654406971039,2.719930565413874,0.07802112422770845,456,0.92470056
457,-7.214535697368421,-7.83196818094124,0.6174324835728182,2.717212622022665,0.07389821669725381,457,0.92531
458,-8.174917,-7.882854541908536,-0.2920624580914648,2.7033822084520382,0.08195498132037254,458,0.92542773
459,-9.497748,-7.933923717160827,-1.5638242828391729,2.6978874429548605,0.08790430671790046,459,0.9259231
460,-5.309596,-7.985173925613098,2.675577925613098,2.750192160710748,0.07576272937229729,460,0.9260176
461,-7.206764,-8.036601715145016,0.8298377151450165,2.7364073817089043,0.08373663383405797,461,0.9271301
462,-8.848987,-8.0882063564831,-0.7607806435168989,2.7393107317813405,0.07917537080791381,462,0.9273487
463,-8.948015,-8.139988934096046,-0.8080260659039542,2.73485640945676,0.08752720769153256,463,0.9281577
464,-9.635855,-8.191949157094282,-1.4439058429057177,2.739550698582531,0.0852425252618772,464,0.92832834
465,-6.6966457,-8.244084388802202,1.5474386888022016,2.7333407340449636,0.06642271058207076,465,0.92838967
466,-5.871299,-8.296390007366877,2.425091007366878,2.7276912070421577,0.09148871069703443,466,0.92933637
467,-9.304801,-8.348864338433355,-0.9559366615666445,2.7057632060838186,0.07900748325493812,467,0.9294067
468,-9.117852,-8.40150918316262,-0.7163428168373791,2.7089168319313264,0.07881838378918246,468,0.9296434
469,-10.243321,-8.454325024902118,-1.7889959750978814,2.7152712326030812,0.10548062722337206,469,0.92982376
