time,state,smoothing,residuals,variance,ac1,0,1,2,3
0,0.7574818022611297,0.6815130809651266,0.07596872129600307,,,,,,
1,0.7841880333194168,0.6820348005644715,0.10215323275494526,,,,,,
2,0.5075639730714371,0.6825635405192405,-0.17499956744780343,,,,,,
3,0.853168876852497,0.6830990937336452,0.1700697831188518,,,,,,
4,0.6541518197778861,0.6836413684857406,-0.029489548707854585,,,,,,
5,0.6601577134136477,0.6841901224726832,-0.024032409059035476,,,,,,
6,0.6724769120480518,0.6847450988575184,-0.012268186809466619,,,,,,
7,0.7589108557018216,0.6853060752773485,0.07360478042447305,,,,,,
8,0.8669104750312973,0.6858728177097586,0.18103765732153865,,,,,,
9,0.5996938943694125,0.686444938143206,-0.0867510437737935,,,,,,
10,0.7762718710440818,0.6870218370849209,0.08925003395916087,,,,,,
11,0.7903096543819995,0.6876029232269304,0.10270673115506912,,,,,,
12,0.6551948778625339,0.6881874699304512,-0.03299259206791727,,,,,,
13,0.5895341682495319,0.6887745838233816,-0.09924041557384977,,,,,,
14,0.5142605378847681,0.6893633780404702,-0.1751028401557021,,,,,,
15,0.6641765939615643,0.6899531044999005,-0.025776510538336295,,,,,,
16,0.832677147329117,0.6905432052251806,0.14213394210393637,,,,,,
17,0.6503055047354311,0.6911331460707326,-0.04082764133530148,,,,,,
18,0.6595211473195483,0.6917222488245092,-0.032201101504960916,,,,,,
19,0.5072740235798388,0.6923098351618237,-0.1850358115819849,,,,,,
20,0.7427555923929031,0.6928953022991022,0.049860290093800885,,,,,,
21,0.610811314568387,0.693478207908454,-0.08266689334006705,,,,,,
22,0.8585851991898218,0.6940581201288182,0.1645270790610036,,,,,,
23,0.6735407239384398,0.6946346479991907,-0.021093924060750946,,,,,,
24,0.7332023921208852,0.6952072730502752,0.03799511907061004,,,,,,
25,0.647856161832623,0.69577544592925,-0.047919284096627046,,,,,,
26,0.6164849941807589,0.696338587763706,-0.07985359358294719,,,,,,
27,0.6599112702012464,0.6968961803154015,-0.036984910114155056,,,,,,
28,0.7102850823338493,0.6974478240824392,0.012837258251410133,,,,,,
29,0.7048495038371915,0.6979931984104516,0.006856305426739873,,,,,,
30,0.4602531210645471,0.6985319986126411,-0.23827887754809407,,,,,,
31,0.5797015960227752,0.699063983986573,-0.11936238796379783,,,,,,
32,0.5374587899338328,0.6995892012959005,-0.16213041136206774,,,,,,
33,0.6671831206636016,0.7001080291920259,-0.032924908528424224,,,,,,
34,0.756055045837302,0.7006212259423384,0.05543381989496354,,,,,,
35,0.8293383181745502,0.70112983134782,0.12820848682673014,,,,,,
36,0.5882180327627,0.7016350284659527,-0.1134169957032527,,,,,,
37,0.6922098162639378,0.7021381264590845,-0.009928310195146617,,,,,,
38,0.7471264087184964,0.7026408949785604,0.04448551373993603,,,,,,
39,0.6897480521198036,0.7031455985988349,-0.013397546479031242,,,,,,
40,0.7061326111503415,0.7036550259956121,0.0024775851547294003,,,,,,
41,0.7969597937747733,0.7041727377482035,0.09278705602656978,,,,,,
42,0.7186807846288022,0.7047032810595713,0.013977503569230998,,,,,,
43,0.7147127749166796,0.7052523738354122,0.009460401081267444,,,,,,
44,0.7224608370870235,0.7058274273876353,0.016633409699388202,,,,,,
45,0.7347018611515358,0.7064381090692528,0.028263752082283045,,,,,,
46,0.8161861411352436,0.7070968083011482,0.10908933283409539,,,,,,
47,0.7262207150646363,0.7078186632766449,0.01840205178799137,,,,,,
48,0.8384554561492468,0.7086203799326294,0.12983507621661738,,,,,,
49,0.8268094046129023,0.7095169056325492,0.1172924989803531,,,,,,
50,0.610951731403671,0.7104145669391932,-0.09946283553552226,,,,,,
51,0.7716295085485786,0.7113258279194097,0.06030368062916891,,,,,,
52,0.827859874377343,0.7122433271021993,0.1156165472751437,,,,,,
53,0.8142441919808037,0.7131604836791766,0.10108370830162705,,,,,,
54,0.6638246242882326,0.7140694781221354,-0.05024485383390276,,,,,,
55,0.6973474638730071,0.7149648559363008,-0.017617392063293713,,,,,,
56,0.568824612627317,0.7158397688687166,-0.1470151562413996,,,,,,
57,0.758548297764544,0.7166870089430021,0.04186128882154194,,,,,,
58,0.7144771454318289,0.717498797572007,-0.0030216521401780216,,,,,,
59,0.5706458472363501,0.7182666892483162,-0.147620842011966,,,,,,
60,0.7061842108033757,0.7189832719741016,-0.012799061170725934,,,,,,
61,0.7310654000643437,0.7196407509376506,0.011424649126693165,,,,,,
62,0.6863179683933965,0.7202348287034209,-0.03391686031002439,,,,,,
63,0.6027413829789455,0.7207630254074897,-0.11802164242854418,,,,,,
64,0.7505825724277673,0.7212238922851206,0.029358680142646643,,,,,,
65,0.7989127764758633,0.7216168760894015,0.07729590038646184,,,,,,
66,0.6622574304143172,0.7219398234860377,-0.05968239307172052,,,,,,
67,0.691127621757504,0.7221916986786497,-0.031064076921145767,,,,,,
68,0.8596306858021755,0.7223757168515682,0.1372549689506073,,,,,,
69,0.7994106987528715,0.7224965269560322,0.07691417179683935,,,,,,
70,0.7792469882030519,0.7225569425040173,0.056690045699034686,,,,,,
71,0.7244237197991141,0.7225589399923582,0.001864779806755923,,,,,,
72,0.8114881261695925,0.7225044026487897,0.08898372352080286,,,,,,
73,0.5673326607612823,0.7223951919592784,-0.15506253119799607,,,,,,
74,0.6889761117715008,0.7222332011014377,-0.033257089329936984,,,,,,
75,0.722527945817568,0.7220219338529,0.0005060119646679295,,,,,,
76,0.6438376874621398,0.7217681425837336,-0.0779304551215938,,,,,,
77,0.7479705552794422,0.7214801656119417,0.026490389667500502,,,,,,
78,0.5952370586103622,0.721166977648285,-0.12592991903792272,,,,,,
79,0.7418796454995328,0.7208357148554929,0.021043930644039865,,,,,,
80,0.7905792937438119,0.7204943317752432,0.07008496196856862,,,,,,
81,0.749852500836552,0.7201513030316934,0.02970119780485858,,,,,,
82,0.7248104271167766,0.7198136768736452,0.004996750243131398,,,,,,
83,0.8557622318240132,0.719485396908508,0.13627683491550524,,,,,,
84,0.6681505340363887,0.7191676734577996,-0.05101713942141095,,,,,,
85,0.7241531235048869,0.7188605019226371,0.005292621582249857,,,,,,
86,0.6158103481397245,0.7185634462860013,-0.10275309814627687,,,,,,
87,0.8546627090479261,0.7182760325443655,0.13638667650356062,,,,,,
88,0.9094201664640704,0.7179970824809265,0.1914230839831439,,,,,,
89,0.8470760508511762,0.7177244933007605,0.12935155755041572,,,,,,
90,0.6813565904310115,0.7174579997953511,-0.03610140936433959,,,,,,
91,0.6177533856393359,0.7171972719910096,-0.09944388635167367,,,,,,
92,0.8130865032675331,0.7169407380805328,0.09614576518700024,,,,,,
93,0.86472401148261,0.7166865748308466,0.1480374366517634,,,,,,
94,0.5741157160051744,0.7164324163664025,-0.14231670036122812,,,,,,
95,0.5749260242324016,0.7161746256891369,-0.14124860145673535,,,,,,
96,0.6683408610518276,0.7159105970125855,-0.047569735960757975,,,,,,
97,0.7623074370655171,0.7156365985186655,0.04667083854685161,,,,,,
98,0.5698277375415511,0.7153480976985862,-0.14552036015703507,,,,,,
99,0.82645120310684,0.7150426864470794,0.11140851665976059,,,,,,
100,0.6481864697621669,0.7147203685658012,-0.06653389880363436,,,,,,
101,0.7165875460042628,0.7143822814908537,0.0022052645134090776,,,,,,
102,0.7404220254060876,0.7140281789580548,0.026393846448032776,,,,,,
103,0.886980501645494,0.7136591175159308,0.17332138412956322,,,,,,
104,0.5897844160460405,0.7132802289414578,-0.12349581289541733,,,,,,
105,0.7825795683847284,0.7128994483476472,0.06968012003708124,,,,,,
106,0.7146082014774393,0.7125236518590854,0.0020845496183539147,,,,,,
107,0.6032463025997711,0.712158730351241,-0.10891242775146992,,,,,,
108,0.6512572520218673,0.7118097704866062,-0.06055251846473886,,,,,,
109,0.5894599132303656,0.7114813688586753,-0.12202145562830968,,,0.6563465,0.1334885,0.10586542,0.10429956
110,0.8281280344431463,0.7111792227730751,0.1169488116700712,,,,,,
111,0.5862835171879521,0.7109088342406189,-0.12462531705266677,,,,,,
112,0.6667313556736062,0.7106749845504916,-0.04394362887688541,,,,,,
113,0.7783646647889786,0.710480393435997,0.06788427135298158,,,,,,
114,0.6687186870466574,0.7103252463204008,-0.04160655927374346,,,,,,
115,0.7629597904475165,0.7102060777429051,0.05275371270461138,,,,,,
116,0.7842883234211323,0.7101198558216852,0.07416846759944706,,,,,,
117,0.7744836146842157,0.7100646402231579,0.06441897446105782,,,,,,
118,0.5960884638843965,0.7100358550892363,-0.11394739120483977,,,,,,
119,0.8384994209482799,0.7100286540974984,0.12847076685078151,,,0.6793165,0.13217111,0.09493395,0.09357838
120,0.6730855299989675,0.7100399873781567,-0.03695445737918912,,,,,,
121,0.7957859723300205,0.7100693529043592,0.08571661942566122,,,,,,
122,0.5312483959859003,0.7101190063334387,-0.17887061034753837,,,,,,
123,0.6991974181714294,0.7101918093677199,-0.01099439119629042,,,,,,
124,0.7957414659491935,0.7102932734692454,0.08544819247994806,0.008989136286029785,-0.05839027268356155,,,,
125,0.7400396591264048,0.7104274949234467,0.02961216420295809,0.008950062646882697,-0.06333440828413163,,,,
126,0.8126676614387044,0.7105969529199915,0.10207070851871292,0.008949927191762143,-0.044933209328974495,,,,
127,0.5396250511544337,0.7108043929740024,-0.17117934181956873,0.00893923982116155,-0.03385264140589272,,,,
128,0.6978937602276283,0.7110532809068977,-0.013159520679269399,0.008706324270541403,-0.02741689699629681,,,,
129,0.6567390443886943,0.7113467432618464,-0.05460769887315209,0.008722877066642818,-0.02739779919110494,0.68606824,0.13303924,0.0906319,0.0902606
130,0.7496294558944949,0.7116845924763423,0.03794486341815262,0.008730873708786046,-0.029518446360390114,,,,
131,0.627439759600208,0.7120660971720729,-0.08462633757186488,0.008786148790224043,-0.03168269511241085,,,,
132,0.6912746747116347,0.7124886486716708,-0.021213973960036103,0.008743405441247623,-0.043638736366319236,,,,
133,0.7359601832743605,0.7129491384507365,0.02301104482362404,0.008476316733931248,-0.030249547888264627,,,,
134,0.6367631528129682,0.713444579309678,-0.07668142649670973,0.00846359012678668,-0.02479971712656039,,,,
135,0.5472520054517528,0.7139716832105674,-0.16671967775881458,0.008605589050014783,-0.022902977702592326,,,,
136,0.7268357640300929,0.7145252986600124,0.012310465370080514,0.008513392950074186,-0.022807801308823494,,,,
137,0.6454419506602102,0.7151016798840001,-0.06965972922378993,0.008540060636477362,-0.026370145249016576,,,,
138,0.8679901572172131,0.7156972728033195,0.15229288441389355,0.008669482128778177,-0.05127412424299434,,,,
139,0.7677192822337369,0.7163093184235728,0.05140996381016405,0.00845618020416345,-0.047005465375335544,0.7095134,0.13386673,0.08151653,0.0751033
140,0.6810635952795322,0.7169371420282794,-0.03587354674874721,0.008460777325292955,-0.045883846715416655,,,,
141,0.645107588378665,0.7175816701460493,-0.07247408176738435,0.008328116530254026,-0.03886730089245701,,,,
142,0.7427137580963683,0.7182425233577339,0.02447123473863444,0.008323813805386852,-0.041700304124405056,,,,
143,0.6643281459312955,0.7189162598413299,-0.054588113910034375,0.008338066895682941,-0.048845846993824264,,,,
144,0.8548934712715439,0.7196006811777854,0.1352927900937585,0.0082236678698883,-0.04681706095113617,,,,
145,0.6499522648625505,0.7202987114570211,-0.07034644659447054,0.008239787455536215,-0.05161556049224351,,,,
146,0.5566946570129901,0.7210133388016634,-0.16431868178867326,0.008398819332423913,-0.02745777023626467,,,,
147,1.0346192630781559,0.7217455290370555,0.3128737340411004,0.008975863918492274,-0.07136067397587194,,,,
148,0.7260340988029284,0.7224985790058372,0.0035355197970911023,0.008973082577925161,-0.06596373628379612,,,,
149,0.7279500075886793,0.7232772556984689,0.004672751890210436,0.008960642367228211,-0.06438431333938303,0.6482156,0.14301443,0.095612705,0.11315726
150,0.6916156911795013,0.7240839067335973,-0.03246821555409607,0.008951095153619621,-0.0680495905479266,,,,
151,0.747067897930447,0.724922748011687,0.022145149918760043,0.008905952377542268,-0.07144611457262191,,,,
152,0.8582183952861282,0.725799195741348,0.1324191995447802,0.00903722878751068,-0.06773296957042167,,,,
153,0.8289433115163964,0.7267194216494784,0.102223889866918,0.009119153014902851,-0.05499750295988683,,,,
154,0.643471420087572,0.7276892616849168,-0.0842178415973448,0.009177000720752218,-0.0625439536571606,,,,
155,0.7015157771950029,0.7287144642806062,-0.027198687085603246,0.00872107202499399,-0.08927630751260823,,,,
156,0.8277651470810514,0.7297967574990512,0.09796838958200027,0.00867343264751103,-0.11249043702774406,,,,
157,0.6104925033767811,0.730936108871194,-0.12044360549441291,0.008575793666954427,-0.12981167635392996,,,,
158,0.7811045221693811,0.7321327186370997,0.048971803532281366,0.008580548309901275,-0.1324225746394284,,,,
159,0.8077904343466931,0.7333870024170325,0.07440343192966059,0.008598933909086424,-0.13614999183599164,0.68136626,0.13630064,0.08201948,0.100313626
160,0.7951315491311041,0.734698524647562,0.06043302448354204,0.00850089060939274,-0.11977537188888167,,,,
161,0.5916660747736294,0.7360619751138078,-0.14439590034017835,0.008567417113594206,-0.1287135354255801,,,,
162,0.6714610467840811,0.737470949593259,-0.06600990280917785,0.008605279450753657,-0.11683056199610536,,,,
163,0.6167631845718583,0.7389192883751722,-0.12215610380331388,0.008717717721975616,-0.10706993958697483,,,,
164,0.7540811366138099,0.7403990823145271,0.01368205429928282,0.008716714236173349,-0.10759336068555414,,,,
165,0.779293395123537,0.7419016432002268,0.037391751923310235,0.008726426519622308,-0.1075688845059725,,,,
166,0.5913570493456362,0.7434169731352852,-0.15205992378964905,0.008850763207593213,-0.11276324029923022,,,,
167,0.7988781630756786,0.7449388349519179,0.05393932812376068,0.008871988048660946,-0.11891671153853892,,,,
168,0.6827174833781743,0.7464656223038608,-0.06374813892568654,0.00890509645310498,-0.12178440784949944,,,,
169,0.7681806724614305,0.7479961439258912,0.020184528535539314,0.008906115515463242,-0.12314314598821671,0.6929704,0.1412002,0.07565823,0.0901712
170,0.8287889052811314,0.7495251272871735,0.0792637779939579,0.008949653655759492,-0.12481180271834319,,,,
171,0.6800217798820242,0.7510465124975045,-0.07102473261548037,0.00889528917690121,-0.1317870464189458,,,,
172,0.8027231717142671,0.7525570652169019,0.05016610649736519,0.008912994493267426,-0.13789899524391383,,,,
173,0.7300033976136375,0.7540555395844176,-0.024052141970780094,0.008779820634576049,-0.155137927082234,,,,
174,0.7090711961990156,0.7555400898704266,-0.04646889367141105,0.008680914898167155,-0.14492402064488902,,,,
175,0.7697840649478395,0.7570092921821163,0.012774772765723141,0.008606504866214474,-0.14060045837816523,,,,
176,0.9365326866600063,0.7584650885623362,0.17806759809767014,0.008835395373560161,-0.14397504577763467,,,,
177,0.770844694274945,0.7599130434896073,0.010931650785337643,0.008726418830376432,-0.1525220160914663,,,,
178,0.6814443969199121,0.7613610496052743,-0.07991665268536219,0.008688484912710341,-0.14936483069486017,,,,
179,0.8584217972360055,0.7628127019940935,0.09560909524191208,0.008747845332227493,-0.15614566720278014,0.74074996,0.13293363,0.060405828,0.06591058
180,0.606708102274951,0.7642694114844337,-0.15756130920948275,0.008939843917807925,-0.17132525124501133,,,,
181,0.7403997707275591,0.765730148276051,-0.025330377548491878,0.008775819901901035,-0.16198995522773274,,,,
182,0.7920572119411873,0.7671959759529364,0.02486123598825085,0.008766074240347034,-0.16259197698537597,,,,
183,0.6902939123645185,0.7686677258791226,-0.07837381351460404,0.008812436111048766,-0.16571537287224863,,,,
184,0.613367328756131,0.7701455761711353,-0.15677824741500435,0.00883448928040487,-0.15559885984767885,,,,
185,0.8694663004921493,0.771629886061494,0.09783641443065538,0.008914792504978555,-0.16716924332419317,,,,
186,0.904104409277131,0.7731215057905336,0.13098290348659736,0.009055111788578086,-0.15285067690734558,,,,
187,0.733635096586091,0.7746215244062533,-0.04098642782016226,0.009059255377351857,-0.1607748353033998,,,,
188,0.7847024023291828,0.7761311463495716,0.00857125597961117,0.008948811540356531,-0.15889528897727367,,,,
189,0.7577852193784637,0.7776496093070332,-0.019864389928569537,0.008944784771098517,-0.1616096881577059,0.7601353,0.13300253,0.05266744,0.0541947
190,0.717803814975849,0.7791776820428299,-0.06137386706698089,0.0089245715307465,-0.15682993240616086,,,,
191,0.6079357399911368,0.7807153789476312,-0.1727796389564944,0.009132793622384219,-0.14715380521401925,,,,
192,0.674301803966777,0.7822603526365961,-0.10795854866981913,0.009215477312579939,-0.1263255284869095,,,,
193,0.8823178771584327,0.7838072115184685,0.09851066563996413,0.009139745423098599,-0.14628762255126843,,,,
194,0.8341736104439468,0.7853504433199286,0.04882316712401813,0.009109641819049144,-0.14563873772878558,,,,
195,0.6881684547514705,0.7868869130268831,-0.09871845827541259,0.009151519009204941,-0.14988715487277635,,,,
196,1.0456190424397467,0.7884155598492908,0.2572034825904559,0.009701081087873806,-0.16718794405271836,,,,
197,0.9207740323514365,0.7899355199003517,0.1308385124510848,0.009777115027041759,-0.12213401479832374,,,,
198,0.7279171377953151,0.7914439305325146,-0.06352679273719952,0.009618980605417222,-0.13330190682337137,,,,
199,0.9047235239194171,0.7929384170016925,0.11178510691772459,0.009713732932612774,-0.13824383303110685,0.64088607,0.19211236,0.07094596,0.09605563
200,0.9447513198537537,0.7944188423085435,0.15033247754521017,0.009896131581846894,-0.1225059052291053,,,,
201,0.978404764515749,0.7958842987028056,0.18252046581294334,0.010109169571077183,-0.0966240063243405,,,,
202,0.8362337389539859,0.7973305233709885,0.038903215582997364,0.010115180533301507,-0.08821580473919903,,,,
203,0.8140488851127692,0.7987498230580111,0.015299062054758061,0.009981689437431687,-0.0866286907100244,,,,
204,0.6531364954047906,0.8001353561942554,-0.14699886078946478,0.010161001459187264,-0.08833736708176465,,,,
205,0.6539480853018527,0.8014807110860198,-0.14753262578416715,0.010302668925450346,-0.07087073159177776,,,,
206,0.8091840674222197,0.8027810722688792,0.006402995153340529,0.010296138648685059,-0.07105854686195034,,,,
207,0.8624219188005492,0.8040323355705814,0.05838958322996779,0.010322747857794972,-0.07169195942504038,,,,
208,0.9239110682899468,0.8052298006623512,0.11868126762759568,0.010286835466765022,-0.06083922654861592,,,,
209,0.6066470105371321,0.8063671577481009,-0.19972014721096876,0.010588177484088595,-0.07772989568944881,0.5747713,0.2224547,0.087129064,0.11564491
210,0.6867406693709722,0.8074415698125799,-0.12070090044160764,0.010703761869248093,-0.05773448549350221,,,,
211,0.9521011802590919,0.80845459411643,0.1436465861426619,0.010786391122534527,-0.06012866140517159,,,,
212,0.7354473913942785,0.8094132247388541,-0.07396583334457563,0.010679820545173288,-0.08910799153036457,,,,
213,0.742138431555664,0.810323597174271,-0.0681851656186071,0.010413096735416521,-0.10702205504909704,,,,
214,0.688063113716035,0.8111889539814227,-0.12312584026538764,0.010383607416343199,-0.09776092381391832,,,,
215,1.0691028384259254,0.8120127184587332,0.2570901199671921,0.010924877898615662,-0.12090675189456421,,,,
216,1.0127771081649197,0.8127985198708589,0.1999785882940608,0.011175343686546456,-0.07140724818618567,,,,
217,0.821412404792463,0.8135467040010719,0.00786570079139115,0.01110022506614542,-0.08048178370394896,,,,
218,0.6158203845989337,0.814252569840367,-0.19843218524143325,0.011227119712923722,-0.0666085476107066,,,,
219,0.5371445119630284,0.8149116645308533,-0.2777671525678249,0.011676344192543466,-0.04021472051010378,0.08618221,0.4797267,0.13183984,0.30225128
220,1.0582098101172088,0.8155224992805711,0.24268731083663775,0.012011625151364357,-0.08907399171861098,,,,
221,0.7970409779185105,0.8160860350661304,-0.019045057147619948,0.011997117291485676,-0.08876066860736163,,,,
222,0.8969085131892907,0.8166025377353583,0.08030597545393237,0.012032387265134966,-0.0854680542637045,,,,
223,0.8346322996471319,0.8170707105470668,0.01756158910006511,0.011866040654113862,-0.07418883319047338,,,,
224,0.9213815479500438,0.8174887755671373,0.1038927723829065,0.011852977003666585,-0.06796497560397209,,,,
225,0.9540436061461521,0.8178566492688281,0.13618695687732407,0.011964675149201697,-0.05778024911901631,,,,
226,1.0037409484806883,0.8181729263254299,0.18556802215525836,0.012235807921308177,-0.04027229748633983,,,,
227,0.5078767720359667,0.8184378292520473,-0.3105610572160806,0.013016665150836495,-0.07853445421140141,,,,
228,0.8074512122969996,0.8186552848325761,-0.011204072535576537,0.01277395535800761,-0.061701661135243877,,,,
229,0.6449289024814236,0.8188324159444507,-0.17390351346302702,0.012893688951207665,-0.05485720360975992,0.02168027,0.54272985,0.15345402,0.28213587
230,0.9182784672637091,0.8189775680132546,0.09930089925045449,0.01293477798677563,-0.0653494917100164,,,,
231,0.8186287060071397,0.8190995817938879,-0.00047087578674820385,0.012934686792609206,-0.06508299384995582,,,,
232,0.803340902596677,0.8192067257838785,-0.015865823187201533,0.012842622633161493,-0.06947882389916102,,,,
233,0.766416896928963,0.819304737767474,-0.05288784083851106,0.012835689899617597,-0.07394358672639746,,,,
234,0.8519256303529315,0.8194002450761828,0.03252538527674864,0.012724127107880194,-0.06653058246890918,,,,
235,0.9919931166010686,0.819496788756814,0.17249632784425462,0.012853028041636027,-0.05361670478490691,,,,
236,0.9409774300517947,0.8195936610618101,0.1213837689899846,0.012838444828374455,-0.04402942702253565,,,,
237,0.7617656419845401,0.819688564436053,-0.05792292245151287,0.012850601386447096,-0.04650320759860615,,,,
238,0.9066317307347465,0.8197802623411904,0.08685146839355606,0.012873351396638706,-0.04782699840854473,,,,
239,0.7358036386318667,0.8198691479812789,-0.08406550934941215,0.012918374779844869,-0.05085500752081954,0.082213916,0.533712,0.16350533,0.2205687
240,0.7526874363042767,0.819954751544815,-0.0672673152405383,0.012936795141340445,-0.0492859856964294,,,,
241,0.6461392018867477,0.8200370428970698,-0.17389784101032213,0.01313945353405401,-0.0443199713642311,,,,
242,0.7369099118931773,0.8201178447504465,-0.08320793285726913,0.013159926231314675,-0.03069012809564026,,,,
243,1.0027691812945327,0.8201965517952842,0.18257262949924857,0.013324989604780459,-0.030902901742377063,,,,
244,0.8126722165282909,0.8202690888404606,-0.007596872312169656,0.013193320089955126,-0.028698351556938367,,,,
245,0.8686071172968067,0.8203340064787552,0.04827311081805152,0.013200772978458836,-0.027036910810713893,,,,
246,0.8872359521365453,0.8203921421477033,0.06684380998884198,0.013177706393907326,-0.015812172139117155,,,,
247,0.7769970785456507,0.8204430598388737,-0.04344598129322297,0.012932789773428918,-0.019228850229306944,,,,
248,0.9793648887673503,0.8204875576475233,0.15887733111982694,0.013129378045347527,-0.022852070420617057,,,,
249,0.8484016442220969,0.8205261066954656,0.0278755375266313,0.013079213468702267,-0.02165427997770503,0.18502557,0.46121812,0.1515889,0.20216736
250,0.7955097412418246,0.820557319454321,-0.02504757821249637,0.013079132715952728,-0.023845029181252492,,,,
251,0.6294105478650047,0.8205807338976416,-0.1911701860326369,0.013293618717750824,-0.00997349877994647,,,,
252,0.8319576425149433,0.8206005127234324,0.011357129791510934,0.013057300578285384,-0.012686637351321828,,,,
253,0.6247748533451659,0.820624410753281,-0.19584955740811505,0.013366283060236923,-0.014262482301857868,,,,
254,0.9101117922187762,0.8206590864279715,0.08945270579080478,0.013406297837119597,-0.023395600941697344,,,,
255,0.8233122114550493,0.8207114142495638,0.00260079720548545,0.013395103560700502,-0.021363093458360082,,,,
256,0.6663085611371826,0.8207870443590897,-0.15447848322190705,0.013530039467194728,-0.022545666717446903,,,,
257,0.7009981596126811,0.8208897136294774,-0.1198915540167963,0.013641599036912595,-0.010991082496273669,,,,
258,0.9718807607102233,0.8210229097318678,0.15085785097835558,0.013821567473351396,-0.02044435360748051,,,,
259,0.8005208583045934,0.821192155523373,-0.020671297218779583,0.013777238553716134,-0.030071952092062704,0.42149267,0.21981175,0.16027592,0.19841965
260,1.0538728904924388,0.821401056465628,0.23247183402681082,0.013974658473719138,-0.031891056313455346,,,,
261,0.8621671689733809,0.8216485884601248,0.040518580513256075,0.013984891153429121,-0.026216773417741493,,,,
262,0.6483030503099997,0.8219321620899194,-0.1736291117799197,0.014194951212030247,-0.0235409627743613,,,,
263,0.9553775333476275,0.8222520732919372,0.13312546005569037,0.01415179941945214,-0.0408320844713753,,,,
264,0.8459601953679788,0.8226060940914885,0.02335410127649029,0.014136213526347145,-0.038059851097519734,,,,
265,0.6350309192947442,0.82298839564378,-0.1879574763490358,0.014416180616156316,-0.041598725716799775,,,,
266,0.5819018589179845,0.8233933084825716,-0.24149144956458712,0.014846675839680381,-0.014072364357240331,,,,
267,0.7748585489342801,0.8238183248497475,-0.04895977591546741,0.014861135402353348,-0.006689562232546329,,,,
268,0.9670567580363227,0.8242674253494302,0.14278933268689253,0.015000065097906764,-0.006473338922833254,,,,
269,0.9149343704544662,0.8247470914752363,0.09018727897922996,0.014918823677507258,0.005669187450793777,0.16523519,0.42549515,0.16908988,0.24017978
270,0.7040964744260576,0.8252608131382653,-0.12116433871220766,0.014997870862354065,-0.006708686089162794,,,,
271,0.7964322782348978,0.8258081930238275,-0.029375914788929647,0.014784858592935988,0.02421171954036153,,,,
272,0.6831334231359696,0.8263890396147437,-0.14325561647877416,0.014158992072476792,0.026246029015298152,,,,
273,1.001082828262323,0.8269995956896773,0.17408323257264569,0.014407151094549594,0.01180633366082171,,,,
274,0.7367824822503051,0.8276334212272689,-0.09085093897696384,0.014471836297692177,0.0029777920471866816,,,,
275,0.9447391474298136,0.8282824560094842,0.11645669142032933,0.01457484803911076,-0.002492301080343586,,,,
276,0.8662449785490784,0.8289421118236182,0.03730286672546024,0.014582172394425712,-0.0017097509057056803,,,,
277,0.9042029952901539,0.8296093102005794,0.07459368508957454,0.014485256734605097,-0.007819789457015424,,,,
278,0.9678277055310582,0.8302819732638984,0.13754573226715983,0.014553838357636158,0.0028869915367065674,,,,
279,0.6972150969614705,0.830955842849816,-0.1337407458883455,0.014640444981140687,-0.008610147862997313,0.32926503,0.26958245,0.16782084,0.23333171
280,1.0464895176147577,0.8316243548564501,0.21486516275830758,0.01500594404120611,-0.022705454750568326,,,,
281,0.6280337933582202,0.8322803613384143,-0.20424656798019414,0.015264855335468121,-0.03952922696283839,,,,
282,0.958201322690392,0.8329156308938512,0.1252856917965408,0.015275437182929142,-0.0495499732393925,,,,
283,0.7080789759331458,0.8335217888602456,-0.1254428129270998,0.01538310135330268,-0.059429464996480816,,,,
284,0.7741967465852614,0.834094075540152,-0.05989732895489064,0.015364794169298287,-0.05790689606510312,,,,
285,0.6806930147321509,0.8346304985997582,-0.1539374838676073,0.015517478102284994,-0.04859229617519406,,,,
286,0.7042377847651115,0.8351294116742636,-0.13089162690915213,0.015488237615661985,-0.042930897605878704,,,,
287,0.9047365476916923,0.8355921262215785,0.06914442147011379,0.015497762163876199,-0.05165976568446742,,,,
288,0.6764509070000954,0.8360210272331877,-0.15957012023309236,0.015581311337761035,-0.05632086954884082,,,,
289,0.760075907089282,0.8364196771521551,-0.07634377006287318,0.0156225636052333,-0.05027166740359517,0.0184235,0.3271365,0.22244768,0.43199235
290,0.9984274038824954,0.8367953147613618,0.16163208912113358,0.01582755183262149,-0.05322683896305843,,,,
291,0.8144242114871217,0.8371558693629411,-0.022731657875819322,0.015648940857003316,-0.05073374144826129,,,,
292,0.6948754399521235,0.8375084141100592,-0.14263297415793563,0.015783079888201483,-0.04726149386156924,,,,
293,1.0785733954289647,0.8378541438801242,0.24071925154884044,0.016225503421198096,-0.06288759792981682,,,,
294,1.0239749031474417,0.8381913023148639,0.18578360083257772,0.016499839233416316,-0.04016290961043686,,,,
295,0.9190536248544943,0.8385194947867887,0.0805341300677056,0.016501457052494613,-0.029818738588204184,,,,
296,0.9115846220554128,0.8388391771462808,0.07274544490913204,0.016499925424502508,-0.02530747988370527,,,,
297,0.7629646797416119,0.839153665150784,-0.07618898540917218,0.016529684007242938,-0.027351625319972348,,,,
298,0.8946937997247824,0.8394678717293154,0.055225927995466995,0.016547821652641185,-0.02994175336025525,,,,
299,0.8502516997019713,0.839788408261153,0.010463291440818367,0.016529502477252357,-0.029468734273057715,0.17700873,0.30593,0.16314787,0.3539134
300,1.0548692625244749,0.840123114922101,0.21474614760237387,0.016890372522976736,-0.029415620968734728,,,,
301,0.9091897715295648,0.8404816460020613,0.0687081255275035,0.016678647741499374,-0.023192779916071538,,,,
302,0.4728568270959772,0.8408720213295741,-0.36801519423359685,0.017778459441739253,-0.033614710893192935,,,,
303,0.8284630502975637,0.8413003047885229,-0.012837254490959182,0.017728118111630407,-0.026939807548110935,,,,
304,0.906640613067588,0.8417696843146033,0.06487092875298472,0.0176884846044558,-0.020574136176985915,,,,
305,0.9072125655699583,0.8422823954400589,0.06493017012989943,0.017518456727078184,-0.02076407151205478,,,,
306,0.8151538949422915,0.8428402365715567,-0.0276863416292652,0.017519537951237122,-0.021322405559537662,,,,
307,1.2277610497605063,0.8434415181321847,0.38431953162832155,0.01868613453070948,-0.02487409480781859,,,,
308,0.5913365580534704,0.8440819943676713,-0.2527454363142009,0.019163332632904196,-0.07173299797772074,,,,
309,0.6980157899496733,0.8447521174511928,-0.14673632750151955,0.019138193161575237,-0.047987916100857377,0.0031131771,0.36467916,0.17749038,0.4547173
310,0.8726405901111839,0.8454418028431865,0.027198787267997404,0.019070628037725676,-0.05473810137515533,,,,
311,0.9909896842728907,0.846145179593628,0.1448445046792627,0.019100794104129983,-0.05082814960126395,,,,
312,0.696399026123515,0.8468607407000437,-0.15046171457652868,0.01927441644978463,-0.059436474580733055,,,,
313,0.7191001458475147,0.8475849391322865,-0.1284847932847718,0.0194105340638826,-0.05057332644028268,,,,
314,1.037241039388045,0.8483111969991868,0.18892984238885813,0.0196887929982137,-0.060679607991307755,,,,
315,0.7806225496079148,0.8490348030399636,-0.06841225343204882,0.019696467762337272,-0.07080078712944551,,,,
316,1.0316834168722055,0.8497556454510814,0.18192777142112415,0.019699160691161708,-0.08442668898237861,,,,
317,0.9425077072335343,0.8504731893587233,0.09203451787481098,0.01965308428450704,-0.07360664054404437,,,,
318,0.9136855371589354,0.8511816667408205,0.06250387041811489,0.019610381876410555,-0.07323445973939455,,,,
319,0.8958245743920529,0.8518744512607489,0.043950123131303975,0.019607271612575347,-0.07066116824361982,0.0012342457,0.26246768,0.18692891,0.5493692
320,0.9067263840646586,0.8525450843712541,0.05418129969340446,0.019534088664458334,-0.0598908757008993,,,,
321,0.6937667153948125,0.8531906933313609,-0.1594239779365484,0.019248242145001232,-0.07713791554781207,,,,
322,0.7133466691997841,0.853810801648032,-0.14046413244824796,0.01928505562626431,-0.0632214177659457,,,,
323,0.7186400625580224,0.8544071842138093,-0.13576712165578697,0.01940375447099648,-0.05155255397404645,,,,
324,0.9913877047132368,0.8549809089439216,0.13640679576931514,0.01945222763882207,-0.06617370785536886,,,,
325,0.760316963021704,0.8555339987302142,-0.09521703570851014,0.019347647263645098,-0.08345573465811597,,,,
326,0.7294047591184951,0.8560663635629486,-0.1266616044444535,0.019203046561659567,-0.08179176366947104,,,,
327,0.830108506235307,0.8565774519722813,-0.026468945736974336,0.019193786311667717,-0.08061983249389242,,,,
328,0.68262849010642,0.8570658224182728,-0.17443733231185277,0.01942631520090113,-0.0776760204113904,,,,
329,0.9176905088909849,0.8575333779268647,0.06015713096412023,0.01929298467537353,-0.09109620985356842,0.021926153,0.3933692,0.16757064,0.417134
330,0.5223648689036737,0.8579834036568127,-0.33561853475313896,0.020015403451685024,-0.09738220924238225,,,,
331,0.5854161426858463,0.8584205182806028,-0.27300437559475654,0.020592203049857677,-0.05878675503854751,,,,
332,1.0571239884604875,0.8588538811338271,0.1982701073266604,0.020894971816062983,-0.08222016216246604,,,,
333,1.0506195893882433,0.859291165129584,0.19132842425865926,0.02108247497686565,-0.05670965600267274,,,,
334,0.78531705297411,0.8597434229157424,-0.07442636994163232,0.02081400851921829,-0.07117706911930174,,,,
335,0.8923664845461639,0.8602220556017773,0.032144428944386516,0.02071252741295594,-0.06580800845582575,,,,
336,0.6769771578487186,0.8607345161937213,-0.18375735834500273,0.02079830509566547,-0.06419302443326522,,,,
337,0.8852723951830584,0.861282341921182,0.02399005326187642,0.0207662983187123,-0.06759688538544736,,,,
338,1.329349774651216,0.8618635213915905,0.46748625325962545,0.022510216540887616,-0.06306122548096722,,,,
339,0.8694018179498555,0.8624752640136895,0.0069265539361660355,0.02238736430446277,-0.04881759095544941,0.00034061004,0.23590183,0.19452551,0.56923205
340,1.0121621745062286,0.8631098175771216,0.149052356929107,0.022034472262682552,-0.06834610250772179,,,,
341,0.635125965176497,0.863756314781086,-0.22863034960458906,0.022122511104885893,-0.08120864534968174,,,,
342,0.8155167918286198,0.8644090830777547,-0.048892291249134856,0.022138056494648395,-0.07641809310310939,,,,
343,0.8933930744907085,0.8650656424991471,0.028327431991561403,0.021837416377784136,-0.09882459554491253,,,,
344,0.8897235065442924,0.865724208870042,0.023999297674250464,0.02122343914052934,-0.07521010142269555,,,,
345,1.101141153799225,0.866382971560514,0.23475818223871103,0.021192965010141108,-0.07129682480832453,,,,
346,0.8835169268912494,0.8670397658150433,0.016477161076206115,0.021191915613165357,-0.06861355242428217,,,,
347,1.0780033112902796,0.8676941252213853,0.21030918606889426,0.021494063673373233,-0.06735439390493253,,,,
348,0.8109676309651347,0.8683482245628522,-0.05738059359771752,0.02151985768883754,-0.07213026324088614,,,,
349,1.0038315936133337,0.8690008783352563,0.13483071527807744,0.02157879335213914,-0.08044931242882898,0.00039268605,0.4149527,0.1389816,0.445673
350,0.8248171015846961,0.8696486699148334,-0.04483156833013724,0.021447338772222404,-0.09278697210876292,,,,
351,1.0387800778190004,0.8702883292421408,0.16849174857685956,0.021398542328189756,-0.07512172309029294,,,,
352,0.6921329999706036,0.8709222458122228,-0.17878924584161915,0.020877841305130023,-0.08898357851574464,,,,
353,1.203292563035965,0.8715549481666329,0.33173761486933206,0.021752054163090895,-0.11058455483270294,,,,
354,0.905318379861251,0.8721880103053775,0.03313036955587345,0.021502259792389133,-0.09935780072356762,,,,
355,0.5684182875603261,0.8728193955506297,-0.3044011079903036,0.02219364670588692,-0.10088135808277478,,,,
356,0.9926272934455465,0.8734470542191349,0.11918023922641152,0.02230337591958218,-0.11192257015284786,,,,
357,0.7488648082534202,0.8740680680993834,-0.12520325984596326,0.02243223844984256,-0.11714339047080527,,,,
358,0.6847196739596498,0.8746786794515614,-0.18995900549191158,0.022704114657755552,-0.10672971966740857,,,,
359,1.1073434198096577,0.8752746979531546,0.23206872185650307,0.023124107034388188,-0.12314019429167726,0.00015851206,0.09790343,0.122598186,0.7793399
360,0.9882763001163034,0.8758487397672587,0.11242756034904466,0.02298836848575992,-0.12086949062305309,,,,
361,0.5867959308704684,0.8763925866990442,-0.28959665582857574,0.023549035928483588,-0.128009610956429,,,,
362,0.7600125942944692,0.8768969244205465,-0.11688433012607724,0.023630820169614868,-0.11289861219560705,,,,
363,0.7320926778573474,0.8773566232510768,-0.14526394539372933,0.023730544885860235,-0.10445246356843635,,,,
364,1.2130045905907516,0.8777637987354551,0.33524079185529654,0.024592204434824922,-0.12018210492658264,,,,
365,0.9414662351780708,0.8781073642088109,0.06335887096925996,0.02458728741971978,-0.11547473098466161,,,,
366,0.6993226477351089,0.8783792989509813,-0.17905665121587244,0.024602044836170307,-0.12412596787609159,,,,
367,0.9817295152074954,0.8785722421026942,0.10315727310480116,0.024627199331563873,-0.12505673376529144,,,,
368,0.6317845323512669,0.8786819110347587,-0.24689737868349182,0.024854376669454125,-0.13207438777604177,,,,
369,0.9526343709398257,0.8787091622224751,0.07392520871735064,0.02489897991095242,-0.13656794967883168,0.00018473268,0.06513281,0.15152393,0.7831585
370,1.2418622924680578,0.878659895141411,0.36320239732664683,0.025939820644451692,-0.12617872453234763,,,,
371,1.1818131775474645,0.8785443044272749,0.3032688731201896,0.026633930539406016,-0.0875827771363022,,,,
372,0.9370711086980941,0.8783718974562853,0.05869921124180877,0.026639266888534862,-0.07950066119770116,,,,
373,0.9123760846382475,0.8781492616883818,0.034226822949865676,0.02645378987600063,-0.08038676194605955,,,,
374,0.8931836175080731,0.8778802658765856,0.015303351631487438,0.026450172169854277,-0.08006973144767207,,,,
375,0.8710744013191569,0.877570313627552,-0.00649591230839508,0.02644432411218223,-0.08231988893878059,,,,
376,0.7025173385486682,0.8772288285338256,-0.1747114899851574,0.026394721465372546,-0.08137909018732112,,,,
377,1.0508981174420806,0.8768665314796699,0.17403158596241075,0.026625785353128314,-0.08997525347128224,,,,
378,0.5007502037961029,0.8764920745053326,-0.3757418707092297,0.02746825002767248,-0.10247702843005652,,,,
379,0.9566192163639051,0.8761097939318583,0.08050942243204684,0.027456540653764582,-0.1088923731868402,3.4228793e-05,0.009861192,0.11914738,0.8709572
380,1.000734203222535,0.8757206681394316,0.12501353508310342,0.027574112875639666,-0.10629134426852992,,,,
381,0.7131392079619127,0.8753278134569212,-0.16218860549500858,0.02759438939805164,-0.11810084443151127,,,,
382,1.0263807524431052,0.8749315399045059,0.15144921253859933,0.0276381833157179,-0.11971402779660774,,,,
383,1.0057276135044726,0.87453124737908,0.13119636612539265,0.02759561041291845,-0.1129708444505564,,,,
384,0.7495264293299824,0.8741281027409904,-0.12460167341100803,0.027727905357425645,-0.1162731741107818,,,,
385,0.6989120909119497,0.8737240670007735,-0.17481197608882382,0.027566369394512076,-0.11203229625505667,,,,
386,0.777291895758223,0.8733215485634701,-0.09602965280524711,0.027632044338274115,-0.10479728563616768,,,,
387,0.8429237114704011,0.8729220326409877,-0.02999832117058654,0.027391332220117765,-0.09762771507630243,,,,
388,0.7169002166036424,0.8725233289130372,-0.15562311230939474,0.027450763147076937,-0.09689142931649698,,,,
389,0.5984349359948901,0.8721260060230742,-0.27369107002818416,0.02804647033853488,-0.08225474012602274,0.00016765796,0.08670369,0.12964402,0.78348464
390,1.1114503894432177,0.8717351917587589,0.23971519768445881,0.028227109359265454,-0.11399763315057729,,,,
391,0.9533720542544798,0.8713564635234804,0.0820155907309994,0.027796979895058974,-0.11230067909866258,,,,
392,1.1742970973926008,0.8709964772339661,0.3033006201586347,0.02848883712600977,-0.10233344234872857,,,,
393,0.8454974795403926,0.8706550328199022,-0.025157553279509637,0.028346138213472104,-0.10731505411620156,,,,
394,0.7557333034729314,0.8703264656750249,-0.11459316220209348,0.028401787540322205,-0.10334954554910944,,,,
395,0.9160578078097182,0.8700061173998552,0.04605169040986301,0.02828837273415898,-0.10599942701744677,,,,
396,1.0589068993671793,0.8696919862859169,0.18921491308126237,0.0285488515502355,-0.10517901796154656,,,,
397,0.817374422260204,0.8693834086259304,-0.052008986365726484,0.028394453049892764,-0.10132241193080739,,,,
398,0.7980023349693997,0.8690771453932111,-0.07107481042381147,0.028217140892003924,-0.09576391875873635,,,,
399,0.8607564037546788,0.8687702458947205,-0.00801384214004175,0.0281430612630621,-0.09258180083119778,0.00019258584,0.009864487,0.11111889,0.87882406
400,1.1193273705962457,0.8684627459119476,0.25086462468429804,0.028526294389080352,-0.09391745284681365,,,,
401,0.9538732408881179,0.8681578300638211,0.08571541082429679,0.028568378831875244,-0.08827496483097018,,,,
402,0.8896406341419019,0.8678591047575304,0.0217815293843715,0.02853380226903289,-0.09062833757943417,,,,
403,0.7941950272786146,0.8675726143557788,-0.07337758707716424,0.028446904143886793,-0.08613787735299479,,,,
404,0.9199098205087225,0.8673022295115062,0.05260759099721635,0.028305612968313017,-0.07948163215572072,,,,
405,0.7109985836371786,0.86705357356789,-0.15605498993071143,0.028163820184236226,-0.0696618200146773,,,,
406,0.8719074049313758,0.8668350432125389,0.005072361718836849,0.027810527459191582,-0.06265910691006718,,,,
407,0.6592027416269094,0.8666525570564355,-0.20744981542952612,0.028055496714836804,-0.05799317188516052,,,,
408,0.6360616311553505,0.8665103802928769,-0.23044874913752633,0.028361637965827313,-0.045476185209924226,,,,
409,1.1678244013814785,0.8664129122354665,0.301411489146012,0.029042989177106324,-0.0671804065280481,0.00011575286,0.006681656,0.10998018,0.8832224
410,0.6581768683285468,0.8663614947115631,-0.20818462638301627,0.029205842277373883,-0.09012334171560205,,,,
411,1.004186008729245,0.8663578237409589,0.13782818498828597,0.02919519668543013,-0.09504454906077213,,,,
412,0.7658219214070993,0.8664058406741465,-0.10058391926704724,0.029255532874049917,-0.09609544509577808,,,,
413,0.7530713584386743,0.8665056856534781,-0.11343432721480373,0.029149622738241458,-0.09646656742092329,,,,
414,0.9821436852498139,0.866656611508817,0.11548707374099687,0.029189207098936267,-0.09658576449603228,,,,
415,0.9113809564360874,0.8668537217348391,0.04452723470124831,0.02900787811289078,-0.09432664989418445,,,,
416,0.8058033858419178,0.8670949787073564,-0.061291592865438616,0.029038020663252544,-0.09650091318076318,,,,
417,0.9879119474017416,0.8673808948831064,0.12053105251863516,0.028959905292719686,-0.08965234496573105,,,,
418,0.9057502579830587,0.8677076698892494,0.03804258809380934,0.028529098461631028,-0.10148396695473372,,,,
419,1.0557492591244186,0.8680729843969787,0.18767627472743997,0.028534591444911658,-0.10369996656340147,0.00012119561,0.0054425565,0.11020712,0.88422906
420,0.5792655603955732,0.8684728086228177,-0.28920724822724453,0.02918853614025892,-0.11850632569110756,,,,
421,0.8266271624259418,0.8689015573194648,-0.042274394893523026,0.02916654405089203,-0.11200994114548668,,,,
422,0.7539943679567168,0.8693572841645254,-0.11536291620780859,0.02922880541656135,-0.10925496382167332,,,,
423,1.0581089575719973,0.8698384105478095,0.18827054702418777,0.029483325275627723,-0.11470446786733986,,,,
424,0.8856120107093912,0.8703451530159599,0.01526685769343128,0.029484036049153485,-0.11467617164388685,,,,
425,0.951867120704651,0.8708750896429212,0.08099203106172981,0.029171884519782868,-0.11899464580424267,,,,
426,0.8377082015826011,0.871425121471863,-0.033716919889261954,0.02914666639020543,-0.11512194027542655,,,,
427,0.5988386682426238,0.8719885430365794,-0.2731498747939556,0.02865278094705297,-0.11491811354326127,,,,
428,0.6503567940379072,0.8725561845764758,-0.22219939053856852,0.029055501318675587,-0.09532506397458931,,,,
429,1.2346508828921041,0.873121953406288,0.36152892948581616,0.030065614274209757,-0.11619717987799087,4.8809616e-05,0.003098535,0.094617486,0.90223515
430,0.7800657052032987,0.8736797933548314,-0.09361408815153272,0.03010905007769231,-0.1228615159752096,,,,
431,1.041365739355643,0.8742232142464146,0.16714252510922845,0.030319399244589488,-0.12592143928776306,,,,
432,0.8822458160851241,0.8747491823121402,0.007496633772983929,0.029141238379619513,-0.10167208549859046,,,,
433,0.5494711434414727,0.8752577508452692,-0.3257866074037965,0.02948232614306487,-0.11244873920241386,,,,
434,0.9184002691064819,0.8757546781653444,0.04264559094113751,0.029321130373631474,-0.11377820168575074,,,,
435,0.781709698662052,0.8762471123684241,-0.09453741370637214,0.029389198432895912,-0.11606605965377319,,,,
436,0.6859352495533608,0.8767431318959193,-0.19080788234255852,0.02950911157803553,-0.10511482697530775,,,,
437,1.2035157271847807,0.8772511866299397,0.326264540554841,0.030187055225231758,-0.1257059704102073,,,,
438,1.1430925900618896,0.8777760871321335,0.26531650292975606,0.030601190593198022,-0.0943972007296668,,,,
439,0.7828641203886982,0.8783211785464651,-0.09545705815776684,0.03040356797082042,-0.09724815789365442,3.1323703e-05,0.0022373123,0.07853073,0.9192006
440,0.9864360432436787,0.8788846082894435,0.10755143495423525,0.03044997460057309,-0.0967984533407057,,,,
441,0.5734378668127329,0.8794587088390065,-0.30602084202627355,0.030953797463914363,-0.10878016503014716,,,,
442,0.7329261631592441,0.8800394453273894,-0.14711328216814534,0.031056405308775736,-0.09719862902148749,,,,
443,1.2714499515118107,0.8806255538724106,0.39082439763940013,0.03225978128049353,-0.11040360866529696,,,,
444,1.0582022163433618,0.881220140485616,0.17698207585774572,0.03249409324132713,-0.09131159470911511,,,,
445,1.4026837041061846,0.8818225995603535,0.5208611045458311,0.0346307201310315,-0.06433454968618184,,,,
446,0.7462620251971985,0.882428801085682,-0.13616677588848347,0.03457317049415711,-0.08548066485788584,,,,
447,0.6785448527148562,0.8830312523618105,-0.20448639964695425,0.03475690924159439,-0.08309584891933433,,,,
448,1.151832122165924,0.8836229915406787,0.2682091306252453,0.035143954008901995,-0.09087727174026136,,,,
449,0.9385439358189572,0.8841984334114142,0.05434550240754299,0.03502844752917469,-0.08454992149636821,1.9930916e-05,0.0012213822,0.05192248,0.9468362
450,0.9069451417893516,0.884752763837268,0.02219237795208362,0.034943683737393795,-0.08791676587636256,,,,
451,0.986693708859636,0.8852846013782181,0.10140910748141796,0.03486181085900166,-0.0889160781770708,,,,
452,1.5761961120922026,0.8856257699673601,0.6905703421248425,0.038546927092412905,-0.07273290742556009,,,,
453,0.8228748904816438,0.8860057097628274,-0.06313081928118369,0.03830365337786766,-0.07915121299768907,,,,
454,1.0484942354447506,0.8864371774986723,0.16205705794607828,0.03845737421561724,-0.07922344286057156,,,,
455,0.8618445813625029,0.8869208389054983,-0.025076257542995473,0.03745775695635346,-0.10503526519861076,,,,
456,0.6810200173526161,0.8874515324869331,-0.206431515134317,0.03717809365759627,-0.09200388605773914,,,,
457,1.249811018607813,0.8880224582879406,0.3617885603198725,0.03785952664915015,-0.11430897259954478,,,,
458,0.8246783804537327,0.8886271447856643,-0.06394876433193164,0.037684945482364736,-0.11597602044674024,,,,
459,0.8099165089976182,0.8892595160993497,-0.07934300710173148,0.0376926481595777,-0.11382300530488355,1.3085463e-05,0.0018491491,0.031061703,0.9670761
460,0.9305763779596264,0.889914473399612,0.040661904560014395,0.03769486556123555,-0.11412439808499271,,,,
461,0.7545729715071356,0.8905879124310137,-0.136014940923878,0.03755597089318918,-0.11487620401234615,,,,
462,1.1015558895311093,0.8912764189485248,0.21027947058258445,0.037843551371437294,-0.12346706338681616,,,,
463,0.6503280964720346,0.8919772730715184,-0.24164917659948382,0.036773141263586516,-0.1346417079855166,,,,
464,0.9829258790034375,0.8926880100525288,0.09023786895090868,0.03681580923700382,-0.137722673656951,,,,
465,1.246797431692584,0.8934067293808164,0.3533907023117676,0.037584523769793515,-0.12455445611460246,,,,
466,0.6172317598632343,0.8941316603883518,-0.2768999005251175,0.03779579558331371,-0.1478358874217678,,,,
467,1.0496101029321527,0.8948610707799391,0.15474903215221358,0.03790649487595339,-0.15465831218709347,,,,
468,1.3195428183666882,0.895593627482942,0.42394919088374616,0.03921151098830891,-0.14038474110117363,,,,
469,0.8359185382405405,0.8963279919070927,-0.06040945366655215,0.03926742796401432,-0.14553063399795443,1.3226859e-05,0.0011283404,0.028110955,0.9707475
470,1.1701951564406359,0.8970628272427886,0.27313232919784725,0.039410564943049224,-0.14919317622542433,,,,
471,0.7378425778084432,0.8977969692840831,-0.15995439147563995,0.03967768618879493,-0.15738880437257657,,,,
472,1.0220280583419188,0.8985292402854526,0.12349881805646623,0.039473505090430086,-0.15816323513193892,,,,
473,0.5620730913265554,0.8992587233473369,-0.33718563202078156,0.040452346289514725,-0.16187932113752979,,,,
474,0.9285360601312325,0.899984576752355,0.028551483378877474,0.040343283023192275,-0.15940418651970212,,,,
475,0.6892051817660901,0.900706245350819,-0.21150106358472887,0.040733454970812474,-0.15759286386851656,,,,
476,0.8310174574944784,0.9014233361828781,-0.07040587868839965,0.040603641012771134,-0.14781694660371486,,,,
477,1.5172742973564644,0.9021357687394456,0.6151385286170188,0.04317240206148558,-0.14266859376722382,,,,
478,0.9048580721862134,0.9028436580328839,0.00201441415332948,0.042388266264327186,-0.14184422775238884,,,,
479,0.7689262267811361,0.9035471705980652,-0.13462094381692913,0.0425727527862597,-0.14154447868283662,1.4567775e-05,0.0013570829,0.02699129,0.97163707
480,0.8948879384164236,0.9042465370482226,-0.009358598631798998,0.04174078537167904,-0.13566838367507222,,,,
481,1.025702281071302,0.904942176989346,0.12076010408195592,0.04174335480679477,-0.1336739191012791,,,,
482,1.0984553380953244,0.9056345287863904,0.19282080930893397,0.04181206209672752,-0.13659172336757186,,,,
483,0.6534834157100292,0.9063238227626892,-0.25284040705266,0.04205834857122896,-0.13683272429189375,,,,
484,0.9541196502735727,0.9070101037275531,0.04710954654601962,0.04170291103779856,-0.14180888331386976,,,,
485,1.0461940793796418,0.9076936069311397,0.13850047244850217,0.04174734278112463,-0.1367747273037497,,,,
486,0.6260898891209166,0.9083745229276469,-0.2822846338067303,0.04171126834548337,-0.1523037002456352,,,,
487,0.9607204720782662,0.9090529152610687,0.05166755681719748,0.04156649566910416,-0.15788670616880807,,,,
488,0.8723316195513743,0.9097290451508706,-0.037397425599496326,0.04136975923641415,-0.14980079762242873,,,,
489,0.7075970099628819,0.9104031770090538,-0.20280616704617194,0.040968934435621454,-0.1507276225379914,3.0525647e-05,0.0050088833,0.024750803,0.9702098
490,1.1508871217698535,0.9110756783002878,0.23981144346956573,0.0413474590613931,-0.15775295687863325,,,,
491,0.4410472693709288,0.9117471065309098,-0.47069983715998104,0.042960907920890995,-0.17165430432891768,,,,
492,1.0832022265852865,0.9124178259719965,0.17078440061329003,0.04309152034030069,-0.17849859675367868,,,,
493,0.6675248149834759,0.9130881650977876,-0.24556335011431163,0.04308584571319806,-0.18299505808692307,,,,
494,0.9734953714005479,0.9137583037726555,0.059737067627892326,0.043074545482173966,-0.1897591862170056,,,,
495,0.6821392208410797,0.9144286151700232,-0.23228939432894347,0.042590042227693165,-0.21382009816768002,,,,
496,0.5645237372678358,0.9150995064441912,-0.35057576917635547,0.04294510354073418,-0.19781632847266342,,,,
497,1.6368462985119596,0.9157717016386183,0.7210745968733413,0.04700309275697204,-0.2328818011324804,,,,
498,0.9854076117914171,0.916446235164413,0.06896137662700408,0.047024805629222094,-0.2156460375329899,,,,
499,1.0803863092088777,0.9171241512235071,0.16326215798537058,0.047205493453262755,-0.2137338327028934,1.5342112e-05,0.0010080809,0.029503945,0.9694726
500,1.114612657593947,0.9178062813614061,0.19680637623254094,0.04746841595696921,-0.20942480196018348,,,,
501,1.0963689698697279,,,,,,,,
502,1.2819864827982357,,,,,,,,
503,1.0811607999083546,,,,,,,,
504,0.6446670503043626,,,,,,,,
505,1.2876869001578435,,,,,,,,
506,0.7034389651731967,,,,,,,,
507,0.9491838732570104,,,,,,,,
508,1.2089015578720612,,,,,,,,
509,0.6487901534873793,,,,,,,,
510,1.2294476804774186,,,,,,,,
511,0.650898637344428,,,,,,,,
512,1.2532481963005306,,,,,,,,
513,0.6132913793538899,,,,,,,,
514,0.510948812311556,,,,,,,,
515,0.881402464681732,,,,,,,,
516,0.9613450099710227,,,,,,,,
517,1.8444654213604637,,,,,,,,
518,1.1424643932937697,,,,,,,,
519,0.4580040336480063,,,,,,,,
520,1.2354858203616088,,,,,,,,
521,0.7318574332755938,,,,,,,,
522,1.2421680967940598,,,,,,,,
523,0.8797471690796669,,,,,,,,
524,1.6069138226200386,,,,,,,,
525,0.9495708092746323,,,,,,,,
526,0.8590681786513157,,,,,,,,
527,1.11922493149715,,,,,,,,
528,0.9264397281837173,,,,,,,,
529,0.71996788631937,,,,,,,,
530,0.7677516913831846,,,,,,,,
531,0.3716787871232514,,,,,,,,
532,1.0565017220361388,,,,,,,,
533,0.6562858679666717,,,,,,,,
534,0.6448708388759509,,,,,,,,
535,1.183211873749868,,,,,,,,
536,0.5661454206170128,,,,,,,,
537,1.2690334119388806,,,,,,,,
538,1.4650469375703372,,,,,,,,
539,0.6047952542844677,,,,,,,,
540,1.947382864695926,,,,,,,,
541,0.6872169242956206,,,,,,,,
542,1.2488355935028848,,,,,,,,
543,0.7387737638049267,,,,,,,,
544,1.5239379667230735,,,,,,,,
545,0.6744430425762657,,,,,,,,
546,1.149747928991117,,,,,,,,
547,1.2652694689642474,,,,,,,,
548,0.4615034370717197,,,,,,,,
549,0.48687011730271756,,,,,,,,
550,1.006764661851937,,,,,,,,
551,0.47382975835365065,,,,,,,,
552,1.7338463885736821,,,,,,,,
553,0.8805917270875442,,,,,,,,
554,0.6090501350033476,,,,,,,,
555,1.0514773051870503,,,,,,,,
556,0.49704032177710766,,,,,,,,
557,1.2750814495937777,,,,,,,,
558,2.159784628745169,,,,,,,,
559,0.3764421262895111,,,,,,,,
560,1.452051972729631,,,,,,,,
561,0.3586424583613484,,,,,,,,
562,1.1550796775429644,,,,,,,,
563,0.9493704359204351,,,,,,,,
564,1.731231991492386,,,,,,,,
565,0.5812934754992928,,,,,,,,
566,1.2096866359403797,,,,,,,,
567,1.7530922933547874,,,,,,,,
568,0.8137457715719972,,,,,,,,
569,0.48888756208227435,,,,,,,,
570,0.5515481163896785,,,,,,,,
571,0.39110514995657863,,,,,,,,
572,1.8291972845629767,,,,,,,,
573,1.1849962527615387,,,,,,,,
574,0.6241847337013345,,,,,,,,
575,0.6695606262941207,,,,,,,,
576,0.8794440391066535,,,,,,,,
577,0.7413844962016132,,,,,,,,
578,1.9219998644005776,,,,,,,,
579,0.5637768662814852,,,,,,,,
580,1.4054308218321558,,,,,,,,
581,0.4655597476666711,,,,,,,,
582,0.8259370800565362,,,,,,,,
583,0.8209316586010811,,,,,,,,
584,1.7758850602415055,,,,,,,,
585,0.6650217640662458,,,,,,,,
586,1.0089406297230514,,,,,,,,
587,1.962124217232393,,,,,,,,
588,0.8894334700851071,,,,,,,,
589,0.5924597776582906,,,,,,,,
590,0.3885467179625708,,,,,,,,
591,0.48836047272611355,,,,,,,,
592,1.049234413029083,,,,,,,,
593,1.0662662109173213,,,,,,,,
594,0.45864595546848624,,,,,,,,
595,1.3451755460151535,,,,,,,,
596,1.5742950285784658,,,,,,,,
597,0.5384255922127568,,,,,,,,
598,1.7681814342169215,,,,,,,,
599,0.4029053355817176,,,,,,,,
600,1.7710429829780432,,,,,,,,
601,0.4619140570465437,,,,,,,,
602,0.2765932248805923,,,,,,,,
603,0.8026008116233826,,,,,,,,
604,1.3443108153676755,,,,,,,,
605,0.49826188593173426,,,,,,,,
606,2.043451571615406,,,,,,,,
607,2.0931083090959572,,,,,,,,
608,1.3973949451160603,,,,,,,,
609,0.6768680488398005,,,,,,,,
610,0.590049010914652,,,,,,,,
611,0.4580413358268386,,,,,,,,
612,0.5956353066721097,,,,,,,,
613,1.3514978549130543,,,,,,,,
614,0.348828484971992,,,,,,,,
615,0.8538751109867847,,,,,,,,
616,1.725925937681915,,,,,,,,
617,0.5784515843624285,,,,,,,,
618,2.1738060541383764,,,,,,,,
619,0.7460905588435636,,,,,,,,
620,2.156735443606888,,,,,,,,
621,0.33251980412370435,,,,,,,,
622,0.35879836873665527,,,,,,,,
623,1.746436116867169,,,,,,,,
624,1.8485625216300425,,,,,,,,
625,0.4046588932194239,,,,,,,,
626,2.2253150478052617,,,,,,,,
627,2.0198506293643534,,,,,,,,
628,2.1826346742408775,,,,,,,,
629,0.5480666457360646,,,,,,,,
630,0.3513479604279412,,,,,,,,
631,0.4514711600185141,,,,,,,,
632,0.4843175936640456,,,,,,,,
633,1.3349315758487563,,,,,,,,
634,0.7245371026324474,,,,,,,,
635,0.7465539211549397,,,,,,,,
636,2.252946004538771,,,,,,,,
637,0.6428146431622608,,,,,,,,
638,2.0653841448770756,,,,,,,,
639,0.5791208209571191,,,,,,,,
640,2.440651764171652,,,,,,,,
641,0.6571242054848176,,,,,,,,
642,0.3941127649133194,,,,,,,,
643,2.2326836222823396,,,,,,,,
644,2.125173659275211,,,,,,,,
645,0.4404449997872712,,,,,,,,
646,2.397679950615635,,,,,,,,
647,2.1745888294963267,,,,,,,,
648,1.910924600507509,,,,,,,,
649,0.5648417769360705,,,,,,,,
650,0.4215119311381402,,,,,,,,
651,0.5223437877569105,,,,,,,,
652,0.7422834355269685,,,,,,,,
653,2.3433468475836565,,,,,,,,
654,1.0980795733303945,,,,,,,,
655,0.4723775262108251,,,,,,,,
656,2.334902185394317,,,,,,,,
657,0.5352052713742507,,,,,,,,
658,2.464035622612543,,,,,,,,
659,0.9869802412575087,,,,,,,,
660,2.2466021994360497,,,,,,,,
661,0.7564682934706967,,,,,,,,
662,0.904014348207858,,,,,,,,
663,2.3837048890999633,,,,,,,,
664,2.3729866040534557,,,,,,,,
665,0.380176742224055,,,,,,,,
666,2.77351377487488,,,,,,,,
667,2.543948551286328,,,,,,,,
668,2.6113673356663605,,,,,,,,
669,0.13013368794869692,,,,,,,,
670,0.4093179657253563,,,,,,,,
671,0.28569453130286393,,,,,,,,
672,0.5291973674552637,,,,,,,,
673,2.4565417138812418,,,,,,,,
674,0.8392952884351779,,,,,,,,
675,0.5627151766607108,,,,,,,,
676,2.739471458544507,,,,,,,,
677,0.3341037710947845,,,,,,,,
678,2.8411834205929924,,,,,,,,
679,1.3497663970369187,,,,,,,,
680,2.3726583558266388,,,,,,,,
681,0.25812679978739694,,,,,,,,
682,0.562029127801745,,,,,,,,
683,2.4535938151484533,,,,,,,,
684,2.6984084658190732,,,,,,,,
685,0.5268476419051926,,,,,,,,
686,2.942457070456386,,,,,,,,
687,2.5612745196912368,,,,,,,,
688,2.6622995759261627,,,,,,,,
689,0.32033388302705407,,,,,,,,
690,0.4879944439436443,,,,,,,,
691,0.5597418376844987,,,,,,,,
692,0.5701781791951374,,,,,,,,
693,3.1693682576567146,,,,,,,,
694,1.1672251190768244,,,,,,,,
695,0.5039873924820534,,,,,,,,
696,2.663525157622802,,,,,,,,
697,0.25169699068569923,,,,,,,,
698,3.006858927626549,,,,,,,,
699,1.9274239949774858,,,,,,,,
700,3.0700444921701595,,,,,,,,
701,0.13836404999881677,,,,,,,,
702,0.2821110898992381,,,,,,,,
703,2.9211879989547467,,,,,,,,
704,3.1981242179336404,,,,,,,,
705,0.3448491843000263,,,,,,,,
706,3.190807242157511,,,,,,,,
707,2.6445972584141395,,,,,,,,
708,2.9806268694415214,,,,,,,,
709,0.47119308480501393,,,,,,,,
710,0.5393077345190443,,,,,,,,
711,0.3271970326482686,,,,,,,,
712,0.5829397375061925,,,,,,,,
713,3.0244992805665882,,,,,,,,
714,0.5349857113648726,,,,,,,,
715,0.33731350709368263,,,,,,,,
716,3.6419011287767833,,,,,,,,
717,0.5019625234736032,,,,,,,,
718,2.847847535453434,,,,,,,,
719,2.2706287785481414,,,,,,,,
720,3.208390973009442,,,,,,,,
721,0.1883778320010551,,,,,,,,
722,0.3614182531144549,,,,,,,,
723,3.1054156251607488,,,,,,,,
724,3.502189303491309,,,,,,,,
725,0.49678883522349965,,,,,,,,
726,3.1371230548117053,,,,,,,,
727,2.7735057432096824,,,,,,,,
728,3.1019887649938105,,,,,,,,
729,0.5663436069380862,,,,,,,,
730,0.20314560424272576,,,,,,,,
731,0.15807409515832585,,,,,,,,
732,0.40750380607539993,,,,,,,,
733,3.625046425061996,,,,,,,,
734,0.44400211510424403,,,,,,,,
735,0.3692400483938838,,,,,,,,
736,3.201619678310638,,,,,,,,
737,0.27570686751604484,,,,,,,,
738,3.1307576040726492,,,,,,,,
739,3.6715797908405836,,,,,,,,
740,2.810236077272359,,,,,,,,
741,-0.08879355535883424,,,,,,,,
742,0.30205883266767924,,,,,,,,
743,3.4492304110613574,,,,,,,,
744,3.5919025443507833,,,,,,,,
745,0.2596808155725857,,,,,,,,
746,3.212370764337287,,,,,,,,
747,3.356172304275263,,,,,,,,
748,3.006312997519328,,,,,,,,
749,0.1092668883501281,,,,,,,,
